0001,-32598.325467375358,SimulationConfig(dt=0.001, eta=0.0003, seed=None, T=8, n_sensor_1d=10, n_mf=100, max_firing_rate=200, transmitt_speed=50, sigma=0.05, tau_pre_ms=5.0, tau_post_ms=5.0, tau_e_ms=50, tau=2.0, n_grc=8, n_goc=2, n_pkj=1, n_mli=2, n_cf=4, t_grc=2, t_goc=2, t_pkj=2, t_mli=2, t_motor=2, th_pkj=1.0, weight_init='kaiming', simulation_duration_s=5.0, success_duration_s=3.0, num_steps=64, success_reward_per_sec=100, penalize_failure_per_sec=100, plate_size=0.3, ball_mass=None, ball_density=2000, n_motor=4, motor_mode='motor_neuron', motor_gain=1.0, motor_max_hinge_deg=10.0, motor_window_time=0.01, motor_window_len=50, use_ema=False, ema_alpha=0.5)
0001,-362606.6138182622,SimulationConfig(dt=0.001, eta=0.0003, seed=None, T=8, n_sensor_1d=10, n_mf=100, max_firing_rate=200, transmitt_speed=50, sigma=0.05, tau_pre_ms=5.0, tau_post_ms=5.0, tau_e_ms=50, tau=2.0, n_grc=8, n_goc=2, n_pkj=1, n_mli=2, n_cf=4, t_grc=2, t_goc=2, t_pkj=2, t_mli=2, t_motor=2, th_pkj=1.0, weight_init='kaiming', simulation_duration_s=5.0, success_duration_s=3.0, num_steps=64, success_reward_per_sec=100, penalize_failure_per_sec=100, plate_size=0.3, ball_mass=None, ball_density=2000, n_motor=4, motor_mode='motor_neuron', motor_gain=1.0, motor_max_hinge_deg=10.0, motor_window_time=0.01, motor_window_len=50, use_ema=False, ema_alpha=0.5)
0001,-252027.97789202322,SimulationConfig(dt=0.001, eta=0.0003, seed=None, T=8, n_sensor_1d=10, n_mf=100, max_firing_rate=200, transmitt_speed=50, sigma=0.05, tau_pre_ms=5.0, tau_post_ms=5.0, tau_e_ms=50, tau=2.0, n_grc=8, n_goc=2, n_pkj=1, n_mli=2, n_cf=4, t_grc=2, t_goc=2, t_pkj=2, t_mli=2, t_motor=2, th_pkj=1.0, weight_init='kaiming', simulation_duration_s=5.0, success_duration_s=3.0, num_steps=64, success_reward_per_sec=100, penalize_failure_per_sec=100, plate_size=0.3, ball_mass=None, ball_density=2000, n_motor=4, motor_mode='motor_neuron', motor_gain=1.0, motor_max_hinge_deg=10.0, motor_window_time=0.01, motor_window_len=50, use_ema=False, ema_alpha=0.5)
0001,-257312.63319211913,SimulationConfig(dt=0.001, eta=0.0003, seed=None, T=8, n_sensor_1d=10, n_mf=100, max_firing_rate=200, transmitt_speed=50, sigma=0.05, tau_pre_ms=5.0, tau_post_ms=5.0, tau_e_ms=50, tau=2.0, n_grc=8, n_goc=2, n_pkj=1, n_mli=2, n_cf=4, t_grc=2, t_goc=2, t_pkj=2, t_mli=2, t_motor=2, th_pkj=1.0, weight_init='kaiming', simulation_duration_s=5.0, success_duration_s=3.0, num_steps=64, success_reward_per_sec=100, penalize_failure_per_sec=100, plate_size=0.3, ball_mass=None, ball_density=2000, n_motor=4, motor_mode='motor_neuron', motor_gain=1.0, motor_max_hinge_deg=10.0, motor_window_time=0.01, motor_window_len=50, use_ema=False, ema_alpha=0.5)
0001,-283730.048019044,SimulationConfig(dt=0.001, eta=0.0003, seed=None, T=8, n_sensor_1d=10, n_mf=100, max_firing_rate=200, transmitt_speed=50, sigma=0.05, tau_pre_ms=5.0, tau_post_ms=5.0, tau_e_ms=50, tau=2.0, n_grc=8, n_goc=2, n_pkj=1, n_mli=2, n_cf=4, t_grc=2, t_goc=2, t_pkj=2, t_mli=2, t_motor=2, th_pkj=1.0, weight_init='kaiming', simulation_duration_s=5.0, success_duration_s=3.0, num_steps=64, success_reward_per_sec=100, penalize_failure_per_sec=100, plate_size=0.3, ball_mass=None, ball_density=2000, n_motor=4, motor_mode='motor_neuron', motor_gain=1.0, motor_max_hinge_deg=10.0, motor_window_time=0.01, motor_window_len=50, use_ema=False, ema_alpha=0.5)
0001,-197136.06829869305,SimulationConfig(dt=0.001, eta=0.0003, seed=None, T=8, n_sensor_1d=10, n_mf=100, max_firing_rate=200, transmitt_speed=50, sigma=0.05, tau_pre_ms=5.0, tau_post_ms=5.0, tau_e_ms=50, tau=2.0, n_grc=8, n_goc=2, n_pkj=1, n_mli=2, n_cf=4, t_grc=2, t_goc=2, t_pkj=2, t_mli=2, t_motor=2, th_pkj=1.0, weight_init='kaiming', simulation_duration_s=5.0, success_duration_s=3.0, num_steps=64, success_reward_per_sec=100, penalize_failure_per_sec=100, plate_size=0.3, ball_mass=None, ball_density=2000, n_motor=4, motor_mode='motor_neuron', motor_gain=1.0, motor_max_hinge_deg=10.0, motor_window_time=0.01, motor_window_len=50, use_ema=False, ema_alpha=0.5)
0001,-220165.7760889536,SimulationConfig(dt=0.001, eta=0.0003, seed=None, T=8, n_sensor_1d=10, n_mf=100, max_firing_rate=200, transmitt_speed=50, sigma=0.05, tau_pre_ms=5.0, tau_post_ms=5.0, tau_e_ms=50, tau=2.0, n_grc=8, n_goc=2, n_pkj=1, n_mli=2, n_cf=4, t_grc=2, t_goc=2, t_pkj=2, t_mli=2, t_motor=2, th_pkj=1.0, weight_init='kaiming', simulation_duration_s=5.0, success_duration_s=3.0, num_steps=64, success_reward_per_sec=100, penalize_failure_per_sec=100, plate_size=0.3, ball_mass=None, ball_density=2000, n_motor=4, motor_mode='motor_neuron', motor_gain=1.0, motor_max_hinge_deg=10.0, motor_window_time=0.01, motor_window_len=50, use_ema=False, ema_alpha=0.5)
0001,-373857.8751193927,SimulationConfig(dt=0.001, eta=0.0003, seed=None, T=8, n_sensor_1d=10, n_mf=100, max_firing_rate=200, transmitt_speed=50, sigma=0.05, tau_pre_ms=5.0, tau_post_ms=5.0, tau_e_ms=50, tau=2.0, n_grc=8, n_goc=2, n_pkj=1, n_mli=2, n_cf=4, t_grc=2, t_goc=2, t_pkj=2, t_mli=2, t_motor=2, th_pkj=1.0, weight_init='kaiming', simulation_duration_s=5.0, success_duration_s=3.0, num_steps=64, success_reward_per_sec=100, penalize_failure_per_sec=100, plate_size=0.3, ball_mass=None, ball_density=2000, n_motor=4, motor_mode='motor_neuron', motor_gain=1.0, motor_max_hinge_deg=10.0, motor_window_time=0.01, motor_window_len=50, use_ema=False, ema_alpha=0.5)
0001,-539416.6152386032,SimulationConfig(dt=0.001, eta=0.0003, seed=None, T=8, n_sensor_1d=10, n_mf=100, max_firing_rate=200, transmitt_speed=50, sigma=0.05, tau_pre_ms=5.0, tau_post_ms=5.0, tau_e_ms=50, tau=2.0, n_grc=8, n_goc=2, n_pkj=1, n_mli=2, n_cf=4, t_grc=2, t_goc=2, t_pkj=2, t_mli=2, t_motor=2, th_pkj=1.0, weight_init='kaiming', simulation_duration_s=5.0, success_duration_s=3.0, num_steps=64, success_reward_per_sec=100, penalize_failure_per_sec=100, plate_size=0.3, ball_mass=None, ball_density=2000, n_motor=4, motor_mode='motor_neuron', motor_gain=1.0, motor_max_hinge_deg=10.0, motor_window_time=0.01, motor_window_len=50, use_ema=False, ema_alpha=0.5)
0001,-684334.347664094,SimulationConfig(dt=0.001, eta=0.0003, seed=None, T=8, n_sensor_1d=10, n_mf=100, max_firing_rate=200, transmitt_speed=50, sigma=0.05, tau_pre_ms=5.0, tau_post_ms=5.0, tau_e_ms=50, tau=2.0, n_grc=8, n_goc=2, n_pkj=1, n_mli=2, n_cf=4, t_grc=2, t_goc=2, t_pkj=2, t_mli=2, t_motor=2, th_pkj=1.0, weight_init='kaiming', simulation_duration_s=5.0, success_duration_s=3.0, num_steps=64, success_reward_per_sec=100, penalize_failure_per_sec=100, plate_size=0.3, ball_mass=None, ball_density=2000, n_motor=4, motor_mode='motor_neuron', motor_gain=1.0, motor_max_hinge_deg=10.0, motor_window_time=0.01, motor_window_len=50, use_ema=False, ema_alpha=0.5)
0001,-185367.62356710556,SimulationConfig(dt=0.001, eta=0.0003, seed=None, T=8, n_sensor_1d=10, n_mf=100, max_firing_rate=200, transmitt_speed=50, sigma=0.05, tau_pre_ms=5.0, tau_post_ms=5.0, tau_e_ms=50, tau=2.0, n_grc=8, n_goc=2, n_pkj=1, n_mli=2, n_cf=4, t_grc=2, t_goc=2, t_pkj=2, t_mli=2, t_motor=2, th_pkj=1.0, weight_init='kaiming', simulation_duration_s=5.0, success_duration_s=3.0, num_steps=64, success_reward_per_sec=100, penalize_failure_per_sec=100, plate_size=0.3, ball_mass=None, ball_density=2000, n_motor=4, motor_mode='motor_neuron', motor_gain=1.0, motor_max_hinge_deg=10.0, motor_window_time=0.01, motor_window_len=50, use_ema=False, ema_alpha=0.5)
0001,-336302.6326628601,SimulationConfig(dt=0.001, eta=0.0003, seed=None, T=8, n_sensor_1d=10, n_mf=100, max_firing_rate=200, transmitt_speed=50, sigma=0.05, tau_pre_ms=5.0, tau_post_ms=5.0, tau_e_ms=50, tau=2.0, n_grc=8, n_goc=2, n_pkj=1, n_mli=2, n_cf=4, t_grc=2, t_goc=2, t_pkj=2, t_mli=2, t_motor=2, th_pkj=1.0, weight_init='kaiming', simulation_duration_s=5.0, success_duration_s=3.0, num_steps=64, success_reward_per_sec=100, penalize_failure_per_sec=100, plate_size=0.3, ball_mass=None, ball_density=2000, n_motor=4, motor_mode='motor_neuron', motor_gain=1.0, motor_max_hinge_deg=10.0, motor_window_time=0.01, motor_window_len=50, use_ema=False, ema_alpha=0.5)
0001,-37254.805888479015,SimulationConfig(dt=0.001, eta=0.0003, seed=None, T=8, n_sensor_1d=10, n_mf=100, max_firing_rate=200, transmitt_speed=50, sigma=0.05, tau_pre_ms=5.0, tau_post_ms=5.0, tau_e_ms=50, tau=2.0, n_grc=8, n_goc=2, n_pkj=1, n_mli=2, n_cf=4, t_grc=2, t_goc=2, t_pkj=2, t_mli=2, t_motor=2, th_pkj=1.0, weight_init='kaiming', simulation_duration_s=5.0, success_duration_s=3.0, num_steps=64, success_reward_per_sec=100, penalize_failure_per_sec=100, plate_size=0.3, ball_mass=None, ball_density=2000, n_motor=4, motor_mode='motor_neuron', motor_gain=1.0, motor_max_hinge_deg=10.0, motor_window_time=0.01, motor_window_len=50, use_ema=False, ema_alpha=0.5)
0001,-643249.7626123655,SimulationConfig(dt=0.001, eta=0.0003, seed=None, T=8, n_sensor_1d=10, n_mf=100, max_firing_rate=200, transmitt_speed=50, sigma=0.05, tau_pre_ms=5.0, tau_post_ms=5.0, tau_e_ms=50, tau=2.0, n_grc=8, n_goc=2, n_pkj=1, n_mli=2, n_cf=4, t_grc=2, t_goc=2, t_pkj=2, t_mli=2, t_motor=2, th_pkj=1.0, weight_init='kaiming', simulation_duration_s=5.0, success_duration_s=3.0, num_steps=64, success_reward_per_sec=100, penalize_failure_per_sec=100, plate_size=0.3, ball_mass=None, ball_density=2000, n_motor=4, motor_mode='motor_neuron', motor_gain=1.0, motor_max_hinge_deg=10.0, motor_window_time=0.01, motor_window_len=50, use_ema=False, ema_alpha=0.5)
0001,-406768.525654196,SimulationConfig(dt=0.001, eta=0.0003, seed=None, T=8, n_sensor_1d=10, n_mf=100, max_firing_rate=200, transmitt_speed=50, sigma=0.05, tau_pre_ms=5.0, tau_post_ms=5.0, tau_e_ms=50, tau=2.0, n_grc=8, n_goc=2, n_pkj=1, n_mli=2, n_cf=4, t_grc=2, t_goc=2, t_pkj=2, t_mli=2, t_motor=2, th_pkj=1.0, weight_init='kaiming', simulation_duration_s=5.0, success_duration_s=3.0, num_steps=64, success_reward_per_sec=100, penalize_failure_per_sec=100, plate_size=0.3, ball_mass=None, ball_density=2000, n_motor=4, motor_mode='motor_neuron', motor_gain=1.0, motor_max_hinge_deg=10.0, motor_window_time=0.01, motor_window_len=50, use_ema=False, ema_alpha=0.5)
0001,-754866.9065588358,SimulationConfig(dt=0.001, eta=0.0003, seed=None, T=8, n_sensor_1d=10, n_mf=100, max_firing_rate=200, transmitt_speed=50, sigma=0.05, tau_pre_ms=5.0, tau_post_ms=5.0, tau_e_ms=50, tau=2.0, n_grc=8, n_goc=2, n_pkj=1, n_mli=2, n_cf=4, t_grc=2, t_goc=2, t_pkj=2, t_mli=2, t_motor=2, th_pkj=1.0, weight_init='kaiming', simulation_duration_s=5.0, success_duration_s=3.0, num_steps=64, success_reward_per_sec=100, penalize_failure_per_sec=100, plate_size=0.3, ball_mass=None, ball_density=2000, n_motor=4, motor_mode='motor_neuron', motor_gain=1.0, motor_max_hinge_deg=10.0, motor_window_time=0.01, motor_window_len=50, use_ema=False, ema_alpha=0.5)
0001,-1295631.596874975,SimulationConfig(dt=0.001, eta=0.0003, seed=None, T=8, n_sensor_1d=10, n_mf=100, max_firing_rate=200, transmitt_speed=50, sigma=0.05, tau_pre_ms=5.0, tau_post_ms=5.0, tau_e_ms=50, tau=2.0, n_grc=8, n_goc=2, n_pkj=1, n_mli=2, n_cf=4, t_grc=2, t_goc=2, t_pkj=2, t_mli=2, t_motor=2, th_pkj=1.0, weight_init='kaiming', simulation_duration_s=5.0, success_duration_s=3.0, num_steps=64, success_reward_per_sec=100, penalize_failure_per_sec=100, plate_size=0.3, ball_mass=None, ball_density=2000, n_motor=4, motor_mode='motor_neuron', motor_gain=1.0, motor_max_hinge_deg=10.0, motor_window_time=0.01, motor_window_len=50, use_ema=False, ema_alpha=0.5)
0001,-8724.997014290146,SimulationConfig(dt=0.001, eta=0.0003, seed=None, T=8, n_sensor_1d=10, n_mf=100, max_firing_rate=200, transmitt_speed=50, sigma=0.05, tau_pre_ms=5.0, tau_post_ms=5.0, tau_e_ms=50, tau=2.0, n_grc=8, n_goc=2, n_pkj=1, n_mli=2, n_cf=4, t_grc=2, t_goc=2, t_pkj=2, t_mli=2, t_motor=2, th_pkj=1.0, weight_init='kaiming', simulation_duration_s=5.0, success_duration_s=3.0, num_steps=64, success_reward_per_sec=100, penalize_failure_per_sec=100, plate_size=0.3, ball_mass=None, ball_density=2000, n_motor=4, motor_mode='motor_neuron', motor_gain=1.0, motor_max_hinge_deg=10.0, motor_window_time=0.01, motor_window_len=50, use_ema=False, ema_alpha=0.5)
0001,-193821.62324470998,SimulationConfig(dt=0.001, eta=0.0003, seed=None, T=8, n_sensor_1d=10, n_mf=100, max_firing_rate=200, transmitt_speed=50, sigma=0.05, tau_pre_ms=5.0, tau_post_ms=5.0, tau_e_ms=50, tau=2.0, n_grc=8, n_goc=2, n_pkj=1, n_mli=2, n_cf=4, t_grc=2, t_goc=2, t_pkj=2, t_mli=2, t_motor=2, th_pkj=1.0, weight_init='kaiming', simulation_duration_s=5.0, success_duration_s=3.0, num_steps=64, success_reward_per_sec=100, penalize_failure_per_sec=100, plate_size=0.3, ball_mass=None, ball_density=2000, n_motor=4, motor_mode='motor_neuron', motor_gain=1.0, motor_max_hinge_deg=10.0, motor_window_time=0.01, motor_window_len=50, use_ema=False, ema_alpha=0.5)
0001,-51002.25759513589,SimulationConfig(dt=0.001, eta=0.0003, seed=None, T=8, n_sensor_1d=10, n_mf=100, max_firing_rate=200, transmitt_speed=50, sigma=0.05, tau_pre_ms=5.0, tau_post_ms=5.0, tau_e_ms=50, tau=2.0, n_grc=8, n_goc=2, n_pkj=1, n_mli=2, n_cf=4, t_grc=2, t_goc=2, t_pkj=2, t_mli=2, t_motor=2, th_pkj=1.0, weight_init='kaiming', simulation_duration_s=5.0, success_duration_s=3.0, num_steps=64, success_reward_per_sec=100, penalize_failure_per_sec=100, plate_size=0.3, ball_mass=None, ball_density=2000, n_motor=4, motor_mode='motor_neuron', motor_gain=1.0, motor_max_hinge_deg=10.0, motor_window_time=0.01, motor_window_len=50, use_ema=False, ema_alpha=0.5)
0001,-594216.3558607626,SimulationConfig(dt=0.001, eta=0.0003, seed=None, T=8, n_sensor_1d=10, n_mf=100, max_firing_rate=200, transmitt_speed=50, sigma=0.05, tau_pre_ms=5.0, tau_post_ms=5.0, tau_e_ms=50, tau=2.0, n_grc=8, n_goc=2, n_pkj=1, n_mli=2, n_cf=4, t_grc=2, t_goc=2, t_pkj=2, t_mli=2, t_motor=2, th_pkj=1.0, weight_init='kaiming', simulation_duration_s=5.0, success_duration_s=3.0, num_steps=64, success_reward_per_sec=100, penalize_failure_per_sec=100, plate_size=0.3, ball_mass=None, ball_density=2000, n_motor=4, motor_mode='motor_neuron', motor_gain=1.0, motor_max_hinge_deg=10.0, motor_window_time=0.01, motor_window_len=50, use_ema=False, ema_alpha=0.5)
0001,-373042.0387806842,SimulationConfig(dt=0.001, eta=0.0003, seed=None, T=8, n_sensor_1d=10, n_mf=100, max_firing_rate=200, transmitt_speed=50, sigma=0.05, tau_pre_ms=5.0, tau_post_ms=5.0, tau_e_ms=50, tau=2.0, n_grc=8, n_goc=2, n_pkj=1, n_mli=2, n_cf=4, t_grc=2, t_goc=2, t_pkj=2, t_mli=2, t_motor=2, th_pkj=1.0, weight_init='kaiming', simulation_duration_s=5.0, success_duration_s=3.0, num_steps=64, success_reward_per_sec=100, penalize_failure_per_sec=100, plate_size=0.3, ball_mass=None, ball_density=2000, n_motor=4, motor_mode='motor_neuron', motor_gain=1.0, motor_max_hinge_deg=10.0, motor_window_time=0.01, motor_window_len=50, use_ema=False, ema_alpha=0.5)
0001,-56015.49919941559,SimulationConfig(dt=0.001, eta=0.0003, seed=None, T=8, n_sensor_1d=10, n_mf=100, max_firing_rate=200, transmitt_speed=50, sigma=0.05, tau_pre_ms=5.0, tau_post_ms=5.0, tau_e_ms=50, tau=2.0, n_grc=8, n_goc=2, n_pkj=1, n_mli=2, n_cf=4, t_grc=2, t_goc=2, t_pkj=2, t_mli=2, t_motor=2, th_pkj=1.0, weight_init='kaiming', simulation_duration_s=5.0, success_duration_s=3.0, num_steps=64, success_reward_per_sec=100, penalize_failure_per_sec=100, plate_size=0.3, ball_mass=None, ball_density=2000, n_motor=4, motor_mode='motor_neuron', motor_gain=1.0, motor_max_hinge_deg=10.0, motor_window_time=0.01, motor_window_len=50, use_ema=False, ema_alpha=0.5)
0001,-990225.7051592978,SimulationConfig(dt=0.001, eta=0.0003, seed=None, T=8, n_sensor_1d=10, n_mf=100, max_firing_rate=200, transmitt_speed=50, sigma=0.05, tau_pre_ms=5.0, tau_post_ms=5.0, tau_e_ms=50, tau=2.0, n_grc=8, n_goc=2, n_pkj=1, n_mli=2, n_cf=4, t_grc=2, t_goc=2, t_pkj=2, t_mli=2, t_motor=2, th_pkj=1.0, weight_init='kaiming', simulation_duration_s=5.0, success_duration_s=3.0, num_steps=64, success_reward_per_sec=100, penalize_failure_per_sec=100, plate_size=0.3, ball_mass=None, ball_density=2000, n_motor=4, motor_mode='motor_neuron', motor_gain=1.0, motor_max_hinge_deg=10.0, motor_window_time=0.01, motor_window_len=50, use_ema=False, ema_alpha=0.5)
0001,-28210.90695043251,SimulationConfig(dt=0.001, eta=0.0003, seed=None, T=8, n_sensor_1d=10, n_mf=100, max_firing_rate=200, transmitt_speed=50, sigma=0.05, tau_pre_ms=5.0, tau_post_ms=5.0, tau_e_ms=50, tau=2.0, n_grc=8, n_goc=2, n_pkj=1, n_mli=2, n_cf=4, t_grc=2, t_goc=2, t_pkj=2, t_mli=2, t_motor=2, th_pkj=1.0, weight_init='kaiming', simulation_duration_s=5.0, success_duration_s=3.0, num_steps=64, success_reward_per_sec=100, penalize_failure_per_sec=100, plate_size=0.3, ball_mass=None, ball_density=2000, n_motor=4, motor_mode='motor_neuron', motor_gain=1.0, motor_max_hinge_deg=10.0, motor_window_time=0.01, motor_window_len=50, use_ema=False, ema_alpha=0.5)
0001,-593073.2769510095,SimulationConfig(dt=0.001, eta=0.0003, seed=None, T=8, n_sensor_1d=10, n_mf=100, max_firing_rate=200, transmitt_speed=50, sigma=0.05, tau_pre_ms=5.0, tau_post_ms=5.0, tau_e_ms=50, tau=2.0, n_grc=8, n_goc=2, n_pkj=1, n_mli=2, n_cf=4, t_grc=2, t_goc=2, t_pkj=2, t_mli=2, t_motor=2, th_pkj=1.0, weight_init='kaiming', simulation_duration_s=5.0, success_duration_s=3.0, num_steps=64, success_reward_per_sec=100, penalize_failure_per_sec=100, plate_size=0.3, ball_mass=None, ball_density=2000, n_motor=4, motor_mode='motor_neuron', motor_gain=1.0, motor_max_hinge_deg=10.0, motor_window_time=0.01, motor_window_len=50, use_ema=False, ema_alpha=0.5)
0001,-841947.9848608604,SimulationConfig(dt=0.001, eta=0.0003, seed=None, T=8, n_sensor_1d=10, n_mf=100, max_firing_rate=200, transmitt_speed=50, sigma=0.05, tau_pre_ms=5.0, tau_post_ms=5.0, tau_e_ms=50, tau=2.0, n_grc=8, n_goc=2, n_pkj=1, n_mli=2, n_cf=4, t_grc=2, t_goc=2, t_pkj=2, t_mli=2, t_motor=2, th_pkj=1.0, weight_init='kaiming', simulation_duration_s=5.0, success_duration_s=3.0, num_steps=64, success_reward_per_sec=100, penalize_failure_per_sec=100, plate_size=0.3, ball_mass=None, ball_density=2000, n_motor=4, motor_mode='motor_neuron', motor_gain=1.0, motor_max_hinge_deg=10.0, motor_window_time=0.01, motor_window_len=50, use_ema=False, ema_alpha=0.5)
0001,-293877.7930931422,SimulationConfig(dt=0.001, eta=0.0003, seed=None, T=8, n_sensor_1d=10, n_mf=100, max_firing_rate=200, transmitt_speed=50, sigma=0.05, tau_pre_ms=5.0, tau_post_ms=5.0, tau_e_ms=50, tau=2.0, n_grc=8, n_goc=2, n_pkj=1, n_mli=2, n_cf=4, t_grc=2, t_goc=2, t_pkj=2, t_mli=2, t_motor=2, th_pkj=1.0, weight_init='kaiming', simulation_duration_s=5.0, success_duration_s=3.0, num_steps=64, success_reward_per_sec=100, penalize_failure_per_sec=100, plate_size=0.3, ball_mass=None, ball_density=2000, n_motor=4, motor_mode='motor_neuron', motor_gain=1.0, motor_max_hinge_deg=10.0, motor_window_time=0.01, motor_window_len=50, use_ema=False, ema_alpha=0.5)
0001,-798361.8085735857,SimulationConfig(dt=0.001, eta=0.0003, seed=None, T=8, n_sensor_1d=10, n_mf=100, max_firing_rate=200, transmitt_speed=50, sigma=0.05, tau_pre_ms=5.0, tau_post_ms=5.0, tau_e_ms=50, tau=2.0, n_grc=8, n_goc=2, n_pkj=1, n_mli=2, n_cf=4, t_grc=2, t_goc=2, t_pkj=2, t_mli=2, t_motor=2, th_pkj=1.0, weight_init='kaiming', simulation_duration_s=5.0, success_duration_s=3.0, num_steps=64, success_reward_per_sec=100, penalize_failure_per_sec=100, plate_size=0.3, ball_mass=None, ball_density=2000, n_motor=4, motor_mode='motor_neuron', motor_gain=1.0, motor_max_hinge_deg=10.0, motor_window_time=0.01, motor_window_len=50, use_ema=False, ema_alpha=0.5)
0001,-15760.010744731515,SimulationConfig(dt=0.001, eta=0.0003, seed=None, T=8, n_sensor_1d=10, n_mf=100, max_firing_rate=200, transmitt_speed=50, sigma=0.05, tau_pre_ms=5.0, tau_post_ms=5.0, tau_e_ms=50, tau=2.0, n_grc=8, n_goc=2, n_pkj=1, n_mli=2, n_cf=4, t_grc=2, t_goc=2, t_pkj=2, t_mli=2, t_motor=2, th_pkj=1.0, weight_init='kaiming', simulation_duration_s=5.0, success_duration_s=3.0, num_steps=64, success_reward_per_sec=100, penalize_failure_per_sec=100, plate_size=0.3, ball_mass=None, ball_density=2000, n_motor=4, motor_mode='motor_neuron', motor_gain=1.0, motor_max_hinge_deg=10.0, motor_window_time=0.01, motor_window_len=50, use_ema=False, ema_alpha=0.5)
0001,-815970.0423356527,SimulationConfig(dt=0.001, eta=0.0003, seed=None, T=8, n_sensor_1d=10, n_mf=100, max_firing_rate=200, transmitt_speed=50, sigma=0.05, tau_pre_ms=5.0, tau_post_ms=5.0, tau_e_ms=50, tau=2.0, n_grc=8, n_goc=2, n_pkj=1, n_mli=2, n_cf=4, t_grc=2, t_goc=2, t_pkj=2, t_mli=2, t_motor=2, th_pkj=1.0, weight_init='kaiming', simulation_duration_s=5.0, success_duration_s=3.0, num_steps=64, success_reward_per_sec=100, penalize_failure_per_sec=100, plate_size=0.3, ball_mass=None, ball_density=2000, n_motor=4, motor_mode='motor_neuron', motor_gain=1.0, motor_max_hinge_deg=10.0, motor_window_time=0.01, motor_window_len=50, use_ema=False, ema_alpha=0.5)
0001,-4925.992056926747,SimulationConfig(dt=0.001, eta=0.0003, seed=None, T=8, n_sensor_1d=10, n_mf=100, max_firing_rate=200, transmitt_speed=50, sigma=0.05, tau_pre_ms=5.0, tau_post_ms=5.0, tau_e_ms=50, tau=2.0, n_grc=8, n_goc=2, n_pkj=1, n_mli=2, n_cf=4, t_grc=2, t_goc=2, t_pkj=2, t_mli=2, t_motor=2, th_pkj=1.0, weight_init='kaiming', simulation_duration_s=5.0, success_duration_s=3.0, num_steps=64, success_reward_per_sec=100, penalize_failure_per_sec=100, plate_size=0.3, ball_mass=None, ball_density=2000, n_motor=4, motor_mode='motor_neuron', motor_gain=1.0, motor_max_hinge_deg=10.0, motor_window_time=0.01, motor_window_len=50, use_ema=False, ema_alpha=0.5)
0001,-416329.64256423136,SimulationConfig(dt=0.001, eta=0.0003, seed=None, T=8, n_sensor_1d=10, n_mf=100, max_firing_rate=200, transmitt_speed=50, sigma=0.05, tau_pre_ms=5.0, tau_post_ms=5.0, tau_e_ms=50, tau=2.0, n_grc=8, n_goc=2, n_pkj=1, n_mli=2, n_cf=4, t_grc=2, t_goc=2, t_pkj=2, t_mli=2, t_motor=2, th_pkj=1.0, weight_init='kaiming', simulation_duration_s=5.0, success_duration_s=3.0, num_steps=64, success_reward_per_sec=100, penalize_failure_per_sec=100, plate_size=0.3, ball_mass=None, ball_density=2000, n_motor=4, motor_mode='motor_neuron', motor_gain=1.0, motor_max_hinge_deg=10.0, motor_window_time=0.01, motor_window_len=50, use_ema=False, ema_alpha=0.5)
0001,-172046.08183755307,SimulationConfig(dt=0.001, eta=0.0003, seed=None, T=8, n_sensor_1d=10, n_mf=100, max_firing_rate=200, transmitt_speed=50, sigma=0.05, tau_pre_ms=5.0, tau_post_ms=5.0, tau_e_ms=50, tau=2.0, n_grc=8, n_goc=2, n_pkj=1, n_mli=2, n_cf=4, t_grc=2, t_goc=2, t_pkj=2, t_mli=2, t_motor=2, th_pkj=1.0, weight_init='kaiming', simulation_duration_s=5.0, success_duration_s=3.0, num_steps=64, success_reward_per_sec=100, penalize_failure_per_sec=100, plate_size=0.3, ball_mass=None, ball_density=2000, n_motor=4, motor_mode='motor_neuron', motor_gain=1.0, motor_max_hinge_deg=10.0, motor_window_time=0.01, motor_window_len=50, use_ema=False, ema_alpha=0.5)
0001,-1143794.636224136,SimulationConfig(dt=0.001, eta=0.0003, seed=None, T=8, n_sensor_1d=10, n_mf=100, max_firing_rate=200, transmitt_speed=50, sigma=0.05, tau_pre_ms=5.0, tau_post_ms=5.0, tau_e_ms=50, tau=2.0, n_grc=8, n_goc=2, n_pkj=1, n_mli=2, n_cf=4, t_grc=2, t_goc=2, t_pkj=2, t_mli=2, t_motor=2, th_pkj=1.0, weight_init='kaiming', simulation_duration_s=5.0, success_duration_s=3.0, num_steps=64, success_reward_per_sec=100, penalize_failure_per_sec=100, plate_size=0.3, ball_mass=None, ball_density=2000, n_motor=4, motor_mode='motor_neuron', motor_gain=1.0, motor_max_hinge_deg=10.0, motor_window_time=0.01, motor_window_len=50, use_ema=False, ema_alpha=0.5)
0001,-205991.08338786065,SimulationConfig(dt=0.001, eta=0.0003, seed=None, T=8, n_sensor_1d=10, n_mf=100, max_firing_rate=200, transmitt_speed=50, sigma=0.05, tau_pre_ms=5.0, tau_post_ms=5.0, tau_e_ms=50, tau=2.0, n_grc=8, n_goc=2, n_pkj=1, n_mli=2, n_cf=4, t_grc=2, t_goc=2, t_pkj=2, t_mli=2, t_motor=2, th_pkj=1.0, weight_init='kaiming', simulation_duration_s=5.0, success_duration_s=3.0, num_steps=64, success_reward_per_sec=100, penalize_failure_per_sec=100, plate_size=0.3, ball_mass=None, ball_density=2000, n_motor=4, motor_mode='motor_neuron', motor_gain=1.0, motor_max_hinge_deg=10.0, motor_window_time=0.01, motor_window_len=50, use_ema=False, ema_alpha=0.5)
0001,-4386.193003331706,SimulationConfig(dt=0.001, eta=0.0003, seed=None, T=8, n_sensor_1d=10, n_mf=100, max_firing_rate=200, transmitt_speed=50, sigma=0.05, tau_pre_ms=5.0, tau_post_ms=5.0, tau_e_ms=50, tau=2.0, n_grc=8, n_goc=2, n_pkj=1, n_mli=2, n_cf=4, t_grc=2, t_goc=2, t_pkj=2, t_mli=2, t_motor=2, th_pkj=1.0, weight_init='kaiming', simulation_duration_s=5.0, success_duration_s=3.0, num_steps=64, success_reward_per_sec=100, penalize_failure_per_sec=100, plate_size=0.3, ball_mass=None, ball_density=2000, n_motor=4, motor_mode='motor_neuron', motor_gain=1.0, motor_max_hinge_deg=10.0, motor_window_time=0.01, motor_window_len=50, use_ema=False, ema_alpha=0.5)
0001,-737745.531931733,SimulationConfig(dt=0.001, eta=0.0003, seed=None, T=8, n_sensor_1d=10, n_mf=100, max_firing_rate=200, transmitt_speed=50, sigma=0.05, tau_pre_ms=5.0, tau_post_ms=5.0, tau_e_ms=50, tau=2.0, n_grc=8, n_goc=2, n_pkj=1, n_mli=2, n_cf=4, t_grc=2, t_goc=2, t_pkj=2, t_mli=2, t_motor=2, th_pkj=1.0, weight_init='kaiming', simulation_duration_s=5.0, success_duration_s=3.0, num_steps=64, success_reward_per_sec=100, penalize_failure_per_sec=100, plate_size=0.3, ball_mass=None, ball_density=2000, n_motor=4, motor_mode='motor_neuron', motor_gain=1.0, motor_max_hinge_deg=10.0, motor_window_time=0.01, motor_window_len=50, use_ema=False, ema_alpha=0.5)
0001,-29555.512677035913,SimulationConfig(dt=0.001, eta=0.0003, seed=None, T=8, n_sensor_1d=10, n_mf=100, max_firing_rate=200, transmitt_speed=50, sigma=0.05, tau_pre_ms=5.0, tau_post_ms=5.0, tau_e_ms=50, tau=2.0, n_grc=8, n_goc=2, n_pkj=1, n_mli=2, n_cf=4, t_grc=2, t_goc=2, t_pkj=2, t_mli=2, t_motor=2, th_pkj=1.0, weight_init='kaiming', simulation_duration_s=5.0, success_duration_s=3.0, num_steps=64, success_reward_per_sec=100, penalize_failure_per_sec=100, plate_size=0.3, ball_mass=None, ball_density=2000, n_motor=4, motor_mode='motor_neuron', motor_gain=1.0, motor_max_hinge_deg=10.0, motor_window_time=0.01, motor_window_len=50, use_ema=False, ema_alpha=0.5)
0001,-60338.059025652365,SimulationConfig(dt=0.001, eta=0.0003, seed=None, T=8, n_sensor_1d=10, n_mf=100, max_firing_rate=200, transmitt_speed=50, sigma=0.05, tau_pre_ms=5.0, tau_post_ms=5.0, tau_e_ms=50, tau=4.0, n_grc=8, n_goc=2, n_pkj=1, n_mli=2, n_cf=4, t_grc=2, t_goc=2, t_pkj=2, t_mli=2, t_motor=2, th_pkj=1.0, weight_init='kaiming', simulation_duration_s=5.0, success_duration_s=3.0, num_steps=64, success_reward_per_sec=100, penalize_failure_per_sec=100, plate_size=0.3, ball_mass=None, ball_density=2000, n_motor=4, motor_mode='motor_neuron', motor_decay=4.0, motor_gain=1.0, motor_max_hinge_deg=10.0, motor_window_time=0.01, motor_window_len=50, use_ema=False, ema_alpha=0.5)
0001,-342330.85163450125,SimulationConfig(dt=0.001, eta=0.0003, seed=None, T=8, n_sensor_1d=10, n_mf=100, max_firing_rate=200, transmitt_speed=50, sigma=0.05, tau_pre_ms=5.0, tau_post_ms=5.0, tau_e_ms=50, tau=4.0, n_grc=8, n_goc=2, n_pkj=1, n_mli=2, n_cf=4, t_grc=2, t_goc=2, t_pkj=2, t_mli=2, t_motor=2, th_pkj=1.0, weight_init='kaiming', simulation_duration_s=5.0, success_duration_s=3.0, num_steps=64, success_reward_per_sec=100, penalize_failure_per_sec=100, plate_size=0.3, ball_mass=None, ball_density=2000, n_motor=4, motor_mode='motor_neuron', motor_decay=4.0, motor_gain=1.0, motor_max_hinge_deg=10.0, motor_window_time=0.01, motor_window_len=50, use_ema=False, ema_alpha=0.5)
0001,-403813.02426643774,SimulationConfig(dt=0.001, eta=0.0003, seed=None, T=8, n_sensor_1d=10, n_mf=100, max_firing_rate=200, transmitt_speed=50, sigma=0.05, tau_pre_ms=5.0, tau_post_ms=5.0, tau_e_ms=50, tau=4.0, n_grc=8, n_goc=2, n_pkj=1, n_mli=2, n_cf=4, t_grc=2, t_goc=2, t_pkj=2, t_mli=2, t_motor=2, th_pkj=1.0, weight_init='kaiming', simulation_duration_s=5.0, success_duration_s=3.0, num_steps=64, success_reward_per_sec=100, penalize_failure_per_sec=100, plate_size=0.3, ball_mass=None, ball_density=2000, n_motor=4, motor_mode='motor_neuron', motor_decay=4.0, motor_gain=1.0, motor_max_hinge_deg=10.0, motor_window_time=0.01, motor_window_len=50, use_ema=False, ema_alpha=0.5)
0001,-92554.63507143082,SimulationConfig(dt=0.001, eta=0.0003, seed=None, T=8, n_sensor_1d=10, n_mf=100, max_firing_rate=200, transmitt_speed=50, sigma=0.05, tau_pre_ms=5.0, tau_post_ms=5.0, tau_e_ms=50, tau=4.0, n_grc=8, n_goc=2, n_pkj=1, n_mli=2, n_cf=4, t_grc=2, t_goc=2, t_pkj=2, t_mli=2, t_motor=2, th_pkj=1.0, weight_init='kaiming', simulation_duration_s=5.0, success_duration_s=3.0, num_steps=64, success_reward_per_sec=100, penalize_failure_per_sec=100, plate_size=0.3, ball_mass=None, ball_density=2000, n_motor=4, motor_mode='motor_neuron', motor_decay=4.0, motor_gain=1.0, motor_max_hinge_deg=10.0, motor_window_time=0.01, motor_window_len=50, use_ema=False, ema_alpha=0.5)
0001,-122057.09304176147,SimulationConfig(dt=0.001, eta=0.0003, seed=None, T=8, n_sensor_1d=10, n_mf=100, max_firing_rate=200, transmitt_speed=50, sigma=0.05, tau_pre_ms=5.0, tau_post_ms=5.0, tau_e_ms=50, tau=4.0, n_grc=8, n_goc=2, n_pkj=1, n_mli=2, n_cf=4, t_grc=2, t_goc=2, t_pkj=2, t_mli=2, t_motor=2, th_pkj=1.0, weight_init='kaiming', simulation_duration_s=5.0, success_duration_s=3.0, num_steps=64, success_reward_per_sec=100, penalize_failure_per_sec=100, plate_size=0.3, ball_mass=None, ball_density=2000, n_motor=4, motor_mode='motor_neuron', motor_decay=4.0, motor_gain=1.0, motor_max_hinge_deg=10.0, motor_window_time=0.01, motor_window_len=50, use_ema=False, ema_alpha=0.5)
0001,-1061147.5820125418,SimulationConfig(dt=0.001, eta=0.0003, seed=None, T=8, n_sensor_1d=10, n_mf=100, max_firing_rate=200, transmitt_speed=50, sigma=0.05, tau_pre_ms=5.0, tau_post_ms=5.0, tau_e_ms=50, tau=4.0, n_grc=8, n_goc=2, n_pkj=1, n_mli=2, n_cf=4, t_grc=2, t_goc=2, t_pkj=2, t_mli=2, t_motor=2, th_pkj=1.0, weight_init='kaiming', simulation_duration_s=5.0, success_duration_s=3.0, num_steps=64, success_reward_per_sec=100, penalize_failure_per_sec=100, plate_size=0.3, ball_mass=None, ball_density=2000, n_motor=4, motor_mode='motor_neuron', motor_decay=4.0, motor_gain=1.0, motor_max_hinge_deg=10.0, motor_window_time=0.01, motor_window_len=50, use_ema=False, ema_alpha=0.5)
0001,-147117.40587759236,SimulationConfig(dt=0.001, eta=0.0003, seed=None, T=8, n_sensor_1d=10, n_mf=100, max_firing_rate=200, transmitt_speed=50, sigma=0.05, tau_pre_ms=5.0, tau_post_ms=5.0, tau_e_ms=50, tau=4.0, n_grc=8, n_goc=2, n_pkj=1, n_mli=2, n_cf=4, t_grc=2, t_goc=2, t_pkj=2, t_mli=2, t_motor=2, th_pkj=1.0, weight_init='kaiming', simulation_duration_s=5.0, success_duration_s=3.0, num_steps=64, success_reward_per_sec=100, penalize_failure_per_sec=100, plate_size=0.3, ball_mass=None, ball_density=2000, n_motor=4, motor_mode='motor_neuron', motor_decay=4.0, motor_gain=1.0, motor_max_hinge_deg=10.0, motor_window_time=0.01, motor_window_len=50, use_ema=False, ema_alpha=0.5)
0001,-860084.440156132,SimulationConfig(dt=0.001, eta=0.0003, seed=None, T=8, n_sensor_1d=10, n_mf=100, max_firing_rate=200, transmitt_speed=50, sigma=0.05, tau_pre_ms=5.0, tau_post_ms=5.0, tau_e_ms=50, tau=4.0, n_grc=8, n_goc=2, n_pkj=1, n_mli=2, n_cf=4, t_grc=2, t_goc=2, t_pkj=2, t_mli=2, t_motor=2, th_pkj=1.0, weight_init='kaiming', simulation_duration_s=5.0, success_duration_s=3.0, num_steps=64, success_reward_per_sec=100, penalize_failure_per_sec=100, plate_size=0.3, ball_mass=None, ball_density=2000, n_motor=4, motor_mode='motor_neuron', motor_decay=8.0, motor_gain=0.3, motor_max_hinge_deg=10.0, motor_window_time=0.01, motor_window_len=50, use_ema=False, ema_alpha=0.5)
0001,-418006.78210205684,SimulationConfig(dt=0.001, eta=0.0003, seed=None, T=8, n_sensor_1d=10, n_mf=100, max_firing_rate=200, transmitt_speed=50, sigma=0.05, tau_pre_ms=5.0, tau_post_ms=5.0, tau_e_ms=50, tau=4.0, n_grc=8, n_goc=2, n_pkj=1, n_mli=2, n_cf=4, t_grc=2, t_goc=2, t_pkj=2, t_mli=2, t_motor=2, th_pkj=1.0, weight_init='kaiming', simulation_duration_s=5.0, success_duration_s=3.0, num_steps=64, success_reward_per_sec=100, penalize_failure_per_sec=100, plate_size=0.3, ball_mass=None, ball_density=2000, n_motor=4, motor_mode='motor_neuron', motor_decay=8.0, motor_gain=0.3, motor_max_hinge_deg=10.0, motor_window_time=0.01, motor_window_len=50, use_ema=False, ema_alpha=0.5)
0001,-908886.0201714665,SimulationConfig(dt=0.001, eta=0.0003, seed=None, T=8, n_sensor_1d=10, n_mf=100, max_firing_rate=200, transmitt_speed=50, sigma=0.05, tau_pre_ms=5.0, tau_post_ms=5.0, tau_e_ms=50, tau=4.0, n_grc=8, n_goc=2, n_pkj=1, n_mli=2, n_cf=4, t_grc=2, t_goc=2, t_pkj=2, t_mli=2, t_motor=2, th_pkj=1.0, weight_init='kaiming', simulation_duration_s=5.0, success_duration_s=3.0, num_steps=64, success_reward_per_sec=100, penalize_failure_per_sec=100, plate_size=0.3, ball_mass=None, ball_density=2000, n_motor=4, motor_mode='motor_neuron', motor_decay=8.0, motor_gain=0.3, motor_max_hinge_deg=10.0, motor_window_time=0.01, motor_window_len=50, use_ema=False, ema_alpha=0.5)
0001,-45813.1603930006,SimulationConfig(dt=0.001, eta=0.0003, seed=None, T=8, n_sensor_1d=10, n_mf=100, max_firing_rate=200, transmitt_speed=50, sigma=0.05, tau_pre_ms=5.0, tau_post_ms=5.0, tau_e_ms=50, tau=4.0, n_grc=8, n_goc=2, n_pkj=1, n_mli=2, n_cf=4, t_grc=2, t_goc=2, t_pkj=2, t_mli=2, t_motor=2, th_pkj=1.0, weight_init='kaiming', simulation_duration_s=5.0, success_duration_s=3.0, num_steps=64, success_reward_per_sec=100, penalize_failure_per_sec=100, plate_size=0.3, ball_mass=None, ball_density=2000, n_motor=4, motor_mode='motor_neuron', motor_decay=8.0, motor_gain=0.3, motor_max_hinge_deg=10.0, motor_window_time=0.01, motor_window_len=50, use_ema=False, ema_alpha=0.5)
0001,-210148.59059250768,SimulationConfig(dt=0.001, eta=0.0003, seed=None, T=8, n_sensor_1d=10, n_mf=100, max_firing_rate=200, transmitt_speed=50, sigma=0.05, tau_pre_ms=5.0, tau_post_ms=5.0, tau_e_ms=50, tau=4.0, n_grc=8, n_goc=2, n_pkj=1, n_mli=2, n_cf=4, t_grc=2, t_goc=2, t_pkj=2, t_mli=2, t_motor=2, th_pkj=1.0, weight_init='kaiming', simulation_duration_s=5.0, success_duration_s=3.0, num_steps=64, success_reward_per_sec=100, penalize_failure_per_sec=100, plate_size=0.3, ball_mass=None, ball_density=2000, n_motor=4, motor_mode='motor_neuron', motor_decay=8.0, motor_gain=0.3, motor_max_hinge_deg=10.0, motor_window_time=0.01, motor_window_len=50, use_ema=False, ema_alpha=0.5)
0001,142.07558617857768,SimulationConfig(dt=0.001, eta=0.0003, seed=None, T=8, n_sensor_1d=10, n_mf=100, max_firing_rate=200, transmitt_speed=50, sigma=0.05, tau_pre_ms=5.0, tau_post_ms=5.0, tau_e_ms=50, tau=4.0, n_grc=8, n_goc=2, n_pkj=1, n_mli=2, n_cf=4, t_grc=2, t_goc=2, t_pkj=2, t_mli=2, t_motor=2, th_pkj=1.0, weight_init='kaiming', simulation_duration_s=5.0, success_duration_s=3.0, num_steps=64, success_reward_per_sec=100, penalize_failure_per_sec=100, plate_size=0.3, ball_mass=None, ball_density=2000, n_motor=4, motor_mode='motor_neuron', motor_decay=8.0, motor_gain=0.3, motor_max_hinge_deg=10.0, motor_window_time=0.01, motor_window_len=50, use_ema=False, ema_alpha=0.5)
0001,-352436.90972198406,SimulationConfig(dt=0.001, eta=0.0003, seed=None, T=8, n_sensor_1d=10, n_mf=100, max_firing_rate=200, transmitt_speed=50, sigma=0.05, tau_pre_ms=5.0, tau_post_ms=5.0, tau_e_ms=50, tau=4.0, n_grc=8, n_goc=2, n_pkj=1, n_mli=2, n_cf=4, t_grc=2, t_goc=2, t_pkj=2, t_mli=2, t_motor=2, th_pkj=1.0, weight_init='kaiming', simulation_duration_s=5.0, success_duration_s=3.0, num_steps=64, success_reward_per_sec=100, penalize_failure_per_sec=100, plate_size=0.3, ball_mass=None, ball_density=2000, n_motor=4, motor_mode='motor_neuron', motor_decay=8.0, motor_damping=3.0, motor_gain=1.0, motor_max_hinge_deg=10.0, motor_window_time=0.01, motor_window_len=50, use_ema=False, ema_alpha=0.5)
0001,-505060.72030947095,SimulationConfig(dt=0.001, eta=0.0003, seed=None, T=8, n_sensor_1d=10, n_mf=100, max_firing_rate=200, transmitt_speed=50, sigma=0.05, tau_pre_ms=5.0, tau_post_ms=5.0, tau_e_ms=50, tau=4.0, n_grc=8, n_goc=2, n_pkj=1, n_mli=2, n_cf=4, t_grc=2, t_goc=2, t_pkj=2, t_mli=2, t_motor=2, th_pkj=1.0, weight_init='kaiming', simulation_duration_s=5.0, success_duration_s=3.0, num_steps=64, success_reward_per_sec=100, penalize_failure_per_sec=100, plate_size=0.3, ball_mass=None, ball_density=2000, n_motor=4, motor_mode='motor_neuron', motor_decay=8.0, motor_damping=3.0, motor_gain=1.0, motor_max_hinge_deg=10.0, motor_window_time=0.01, motor_window_len=50, use_ema=False, ema_alpha=0.5)
0001,-228042.17313788866,SimulationConfig(dt=0.001, eta=0.0003, seed=None, T=8, n_sensor_1d=10, n_mf=100, max_firing_rate=200, transmitt_speed=50, sigma=0.05, tau_pre_ms=5.0, tau_post_ms=5.0, tau_e_ms=50, tau=4.0, n_grc=8, n_goc=2, n_pkj=1, n_mli=2, n_cf=4, t_grc=2, t_goc=2, t_pkj=2, t_mli=2, t_motor=2, th_pkj=1.0, weight_init='kaiming', simulation_duration_s=5.0, success_duration_s=3.0, num_steps=64, success_reward_per_sec=100, penalize_failure_per_sec=100, plate_size=0.3, ball_mass=None, ball_density=2000, n_motor=4, motor_mode='motor_neuron', motor_decay=8.0, motor_damping=3.0, motor_gain=1.0, motor_max_hinge_deg=10.0, motor_window_time=0.01, motor_window_len=50, use_ema=False, ema_alpha=0.5)
0001,-1606872.4919720409,SimulationConfig(dt=0.001, eta=0.0003, seed=None, T=8, n_sensor_1d=10, n_mf=100, max_firing_rate=200, transmitt_speed=50, sigma=0.05, tau_pre_ms=5.0, tau_post_ms=5.0, tau_e_ms=50, tau=4.0, n_grc=8, n_goc=2, n_pkj=1, n_mli=2, n_cf=4, t_grc=2, t_goc=2, t_pkj=2, t_mli=2, t_motor=2, th_pkj=1.0, weight_init='kaiming', simulation_duration_s=5.0, success_duration_s=3.0, num_steps=64, success_reward_per_sec=100, penalize_failure_per_sec=100, plate_size=0.3, ball_mass=None, ball_density=2000, n_motor=4, motor_mode='motor_neuron', motor_decay=8.0, motor_damping=3.0, motor_gain=1.0, motor_max_hinge_deg=10.0, motor_window_time=0.01, motor_window_len=50, use_ema=False, ema_alpha=0.5)
0001,-222898.93597610467,SimulationConfig(dt=0.001, eta=0.0003, seed=None, T=8, n_sensor_1d=10, n_mf=100, max_firing_rate=200, transmitt_speed=50, sigma=0.05, tau_pre_ms=5.0, tau_post_ms=5.0, tau_e_ms=50, tau=4.0, n_grc=8, n_goc=2, n_pkj=1, n_mli=2, n_cf=4, t_grc=2, t_goc=2, t_pkj=2, t_mli=2, t_motor=2, th_pkj=1.0, weight_init='kaiming', simulation_duration_s=5.0, success_duration_s=3.0, num_steps=64, success_reward_per_sec=100, penalize_failure_per_sec=100, plate_size=0.3, ball_mass=None, ball_density=2000, n_motor=4, motor_mode='motor_neuron', motor_decay=8.0, motor_damping=3.0, motor_gain=1.0, motor_max_hinge_deg=10.0, motor_window_time=0.01, motor_window_len=50, use_ema=False, ema_alpha=0.5)
0001,-300954.6382447005,SimulationConfig(dt=0.001, eta=0.0003, seed=None, T=8, n_sensor_1d=10, n_mf=100, max_firing_rate=200, transmitt_speed=50, sigma=0.05, tau_pre_ms=5.0, tau_post_ms=5.0, tau_e_ms=50, tau=4.0, n_grc=8, n_goc=2, n_pkj=1, n_mli=2, n_cf=4, t_grc=2, t_goc=2, t_pkj=2, t_mli=2, t_motor=2, th_pkj=1.0, weight_init='kaiming', simulation_duration_s=5.0, success_duration_s=3.0, num_steps=64, success_reward_per_sec=100, penalize_failure_per_sec=100, plate_size=0.3, ball_mass=None, ball_density=2000, n_motor=4, motor_mode='motor_neuron', motor_decay=8.0, motor_damping=3.0, motor_gain=1.0, motor_max_hinge_deg=10.0, motor_window_time=0.01, motor_window_len=50, use_ema=False, ema_alpha=0.5)
0001,-258404.4884916815,SimulationConfig(dt=0.001, eta=0.0003, seed=None, T=8, n_sensor_1d=10, n_mf=100, max_firing_rate=200, transmitt_speed=50, sigma=0.05, tau_pre_ms=5.0, tau_post_ms=5.0, tau_e_ms=50, tau=4.0, n_grc=8, n_goc=2, n_pkj=1, n_mli=2, n_cf=4, t_grc=2, t_goc=2, t_pkj=2, t_mli=2, t_motor=2, th_pkj=1.0, weight_init='kaiming', simulation_duration_s=5.0, success_duration_s=3.0, num_steps=64, success_reward_per_sec=100, penalize_failure_per_sec=100, plate_size=0.3, ball_mass=None, ball_density=2000, n_motor=4, motor_mode='motor_neuron', motor_decay=8.0, motor_damping=3.0, motor_gain=1.0, motor_max_hinge_deg=10.0, motor_window_time=0.01, motor_window_len=50, use_ema=False, ema_alpha=0.5)
