epoch,datetime,duration,total_reward,ball_x,ball_y,ball_mass_g,terminated,truncated,start_distance,final_distance,total_reward_per_L1_dist
1,10/30 15:32:41,10000,-16683.372962838373,-0.06009208783507347,-0.02370893955230713,2.1150863463215943,False,True,0.0646000978158721,0.0849864387749783,-258256.15636667513
2,10/30 15:34:41,10000,-88737.66583216822,-0.12542857229709625,0.07782074064016342,23.765428838714417,False,True,0.1476089290702208,0.1956685756703603,-601167.3303987848
3,10/30 15:35:41,4822,-82392.24488516562,-0.07288874685764313,-0.055828772485256195,27.609978254059193,False,True,0.09181296937957556,0.023244233197720683,-897392.2251064277
4,10/30 15:37:08,5071,-90485.39551384252,0.07770588994026184,0.1112372949719429,29.41779010239214,False,True,0.13569061067864474,0.21216046813233924,-666850.8238063615
5,10/30 15:37:22,773,-120065.82589964141,-0.04092887416481972,-0.013086413964629173,20.237867684436807,False,True,0.042970070764443494,0.12187949401350921,-2794173.3342220243
6,10/30 15:37:31,662,-99350.82431304432,0.10524889826774597,-0.025710590183734894,13.013678101100338,False,True,0.1083437334816554,0.2122422272363053,-916996.4992010014
7,10/30 15:37:37,569,-104314.91160486142,0.08256896585226059,-0.03818986192345619,25.076139121433776,False,True,0.09097306930695227,0.2124061891736254,-1146657.0535604602
8,10/30 15:37:49,964,-143326.213082722,-0.0140455961227417,0.08989880979061127,19.976314631649785,False,True,0.09098941687597993,0.21214052946468423,-1575196.5228887883
9,10/30 15:38:28,3490,-98470.75551038794,0.05324050411581993,-0.12309190630912781,5.959652717949531,False,True,0.1341125239674005,0.10315164212606114,-734239.8203938343
10,10/30 15:38:40,1035,-135708.79880877936,-0.09874993562698364,0.024073444306850433,16.810276090711803,False,True,0.10164192193748361,0.21262507039886913,-1335165.6110187399
11,10/30 15:38:55,1268,-110369.96267544459,-0.044965747743844986,-0.04822954908013344,12.238103837220523,False,True,0.06593942646177367,0.17968323265740432,-1673808.3510542535
12,10/30 15:39:05,887,-113130.03622062509,-0.08348622918128967,0.06307900696992874,21.863861345050847,False,True,0.10463704558731697,0.21280641678372667,-1081166.1929638574
13,10/30 15:39:18,1091,-110337.30154517562,0.06162061169743538,0.11539439857006073,13.976702172784263,False,True,0.13081653804807156,0.21223899002508972,-843450.7073152298
14,10/30 15:39:25,573,-102020.02590903745,-0.11893055588006973,-0.13679997622966766,6.038944646314015,False,True,0.1812697181992522,0.17078807468151508,-562807.8805578367
15,10/30 15:39:30,385,-100762.55077197915,0.05011206120252609,0.13361097872257233,17.534119756386062,False,True,0.14269937298018112,0.09611986133190308,-706117.6841048461
16,10/30 15:39:38,713,-119885.973159748,-0.0011653427500277758,-0.031582482159137726,22.004844917274703,False,True,0.03160397465875067,0.2125963745689181,-3793382.7771423473
17,10/30 15:39:48,875,-100021.88564534335,0.09841006994247437,-0.009252477437257767,9.945643420223885,False,True,0.09884407061827258,0.2121972132071468,-1011915.889538983
18,10/30 15:39:52,303,-101840.00878410706,-0.1333945095539093,-0.12595157325267792,24.526951748819325,False,True,0.18346087740571568,0.20113088971812154,-555104.7734220324
19,10/30 15:40:12,1279,-111100.02065181911,-0.025052431970834732,-0.040485065430402756,13.500318577679662,False,True,0.04760950524099806,0.21229731637769203,-2333568.057248941
20,10/30 15:40:18,407,-105096.13283241693,-0.12469930946826935,0.09065857529640198,29.597400495100295,False,True,0.15417163933217606,0.2122951179659033,-681682.6576383369
21,10/30 15:41:00,2105,-119759.77519679314,-0.09949634224176407,0.04819180816411972,8.441509609277471,False,True,0.11055303007183727,0.2122929913895199,-1083278.9939721539
22,10/30 15:41:13,734,-118811.17796473739,0.026901911944150925,-0.035877469927072525,15.478866729555767,False,True,0.0448431226556872,0.21229751907044977,-2649484.9361180523
23,10/30 15:41:27,680,-104443.70066167125,-0.012713626027107239,0.03499395400285721,24.74402257056083,False,True,0.03723188306207181,0.18539908047072157,-2805222.085800657
24,10/30 15:43:38,8593,-50936.911441095726,-0.010958327911794186,0.013779420405626297,5.2946311028043125,False,True,0.017605606094964713,0.21215681549468304,-2893221.123223013
25,10/30 15:44:01,1897,-103152.46712773488,-0.09966567158699036,0.132742777466774,5.236359807726471,False,True,0.16599364976736636,0.14268044397233634,-621424.1766013282
26,10/30 15:44:07,451,-104052.43803163234,-0.09967762976884842,0.05863097310066223,20.396777445790818,False,True,0.11564264066259235,0.21218373230613966,-899775.700688326
27,10/30 15:44:12,421,-98934.07421101461,0.11858826130628586,0.049087829887866974,16.423556278434948,False,True,0.12834636882379286,0.21214919807801808,-770836.5660647674
28,10/30 15:45:08,3000,70458.03840917975,-0.007070773281157017,-0.0008011962054297328,1.9202555902569398,True,False,0.0071160204704394546,0.008068754253433305,9901325.987167735
29,10/30 15:59:55,10000,-11867.463170323377,-0.08701001107692719,0.009583640843629837,4.027514530340396,False,True,0.08753621116311328,0.011394461320872868,-135572.04513009795
30,10/30 16:00:06,578,-106320.4895897393,0.06555160880088806,0.01622576266527176,25.722273276732164,False,True,0.06752991169217266,0.21220839519440063,-1574420.6815253813
31,10/30 16:03:23,10000,-10085.37616286268,0.040451325476169586,0.029789714142680168,2.1672715230221793,False,True,0.050236807177710986,0.05720919029704103,-200756.71065611328
32,10/30 16:06:02,10000,-64735.44524794896,-0.09753181785345078,-0.08158018440008163,16.931750062372096,False,True,0.12715259433871767,0.1380207721998994,-509116.19683906966
33,10/30 16:09:28,10000,-2907.3068790029847,-0.02391917258501053,0.04901834949851036,25.196938145407987,False,True,0.05454287606927901,0.03347476810721378,-53303.145864735765
34,10/30 16:12:16,10000,-30854.058570477413,0.07357364147901535,0.049185611307621,9.328296981820806,False,True,0.0885003135919403,0.1130630830882025,-348632.1948274688
35,10/30 16:12:26,418,-99074.16412837616,0.1345299780368805,-0.007191281765699387,16.591839625670865,False,True,0.1347220460948197,0.21218951288597995,-735396.818859521
36,10/30 16:12:40,538,-102517.24912213569,0.08429379761219025,0.0018127575749531388,23.415633273694294,False,True,0.08431328640260706,0.2122992618649182,-1215908.5892181015
37,10/30 16:13:45,2742,-135896.67495443783,-0.09353182464838028,0.10769819468259811,8.497754786797117,False,True,0.142643273506059,0.21220266916473704,-952703.0024914943
38,10/30 16:13:53,511,-100374.60571364136,0.12514127790927887,-0.09486966580152512,22.076267055007865,False,True,0.15703692165020178,0.21214764668208907,-639178.383394606
39,10/30 16:14:00,597,-100856.19829121932,0.09048094600439072,-0.02454017847776413,14.35060034798158,False,True,0.09374978144938108,0.21213276478032084,-1075801.9563562956
40,10/30 16:14:10,761,-116890.52802908,-0.015189675614237785,0.05134555324912071,25.406542563915714,False,True,0.053545234574207214,0.21276651034567945,-2183023.9228307772
41,10/30 16:14:24,1173,-112161.64781309283,-0.09584399312734604,0.09713996201753616,23.908865340288123,False,True,0.1364633422458847,0.2125988615590923,-821917.7836857889
42,10/30 16:14:33,743,-137729.13456328525,0.024057012051343918,-0.08154895156621933,27.401286013233662,False,True,0.08502335557545475,0.2014138720481847,-1619897.6578977322
43,10/30 16:14:45,939,-140027.65825149033,-0.029785919934511185,-0.11897479742765427,19.234564954528956,False,True,0.12264666109811204,0.21243815170734132,-1141716.0238832287
44,10/30 16:14:56,904,-139695.4285837534,-0.045240387320518494,-0.11706123501062393,19.236177595006623,False,True,0.12549910146175022,0.21256427511425974,-1113118.9542925132
45,10/30 16:15:10,760,-113528.58546232851,-0.10484220832586288,-0.017996614798903465,27.774766500854206,False,True,0.10637559269853157,0.09381479306882887,-1067242.800555467
46,10/30 16:29:16,3587,-154402.77998692432,-0.0980169028043747,-0.05285434424877167,27.59665011239277,False,True,0.11135930745623357,0.2122848150619072,-1386527.83960252
47,10/30 16:31:34,5788,-31779.73702628929,-0.010210664942860603,-0.01934639923274517,5.643054207920569,False,True,0.021875576294817956,0.21236423618807704,-1452749.7057902655
48,10/30 16:32:14,965,-153784.70198216444,0.06523784250020981,-0.03712714836001396,4.927442332247956,False,True,0.07506264712615447,0.06315836829666137,-2048751.381278964
49,10/30 16:32:33,787,-186715.6110754499,-0.08485296368598938,0.10992687940597534,24.919042114096264,False,True,0.1388666437302042,0.21255158127190038,-1344567.7526289802
50,10/30 16:32:49,691,-97816.3673821719,0.09790010005235672,-0.03827039152383804,12.196012072403336,False,True,0.10511447426686941,0.10723790057748504,-930569.9149846028
51,10/30 16:33:09,1162,-111847.26429397363,0.08785984665155411,0.10251585394144058,4.453057753060933,False,True,0.13501427006579667,0.2122304288986918,-828410.6875478197
52,10/30 16:33:13,256,-102142.52597051908,-0.13254617154598236,-0.08356516808271408,13.640317134399012,False,True,0.15668957984564943,0.21221247380290362,-651878.2300082549
53,10/30 16:33:19,402,-118050.60901647546,0.10849842429161072,0.09398312121629715,11.413593776749693,False,True,0.14354349598759336,0.21245943189396999,-822403.050756676
54,10/30 16:33:26,621,-124721.05234105921,0.07478275895118713,-0.0028066050726920366,19.08839589218419,False,True,0.07483540830436027,0.07118725412057773,-1666604.8220624512
55,10/30 16:34:56,7282,-193717.85848322,0.07843334227800369,0.012343673035502434,3.1494644041416877,False,True,0.07939871264399426,0.21213206842131574,-2439811.07542394
56,10/30 16:35:02,562,-101299.2634650031,-0.029073210433125496,-0.00448111305013299,19.218209339795955,False,True,0.029416524423419067,0.21260915713029446,-3443617.6757971034
57,10/30 16:35:09,574,-121184.12378935437,0.0684649795293808,0.017260726541280746,27.710225812621914,False,True,0.07060726949629903,0.050842424941361576,-1716312.281353783
58,10/30 16:35:14,436,-105850.02380365755,0.05763795226812363,0.08125792443752289,29.256508706766684,False,True,0.09962421194540239,0.14984017345244627,-1062492.959659918
59,10/30 16:35:20,487,-99489.05342132442,-0.06353504210710526,-0.08551103621721268,21.396696751257096,False,True,0.10653092939569735,0.21230008170152356,-933898.2958815965
60,10/30 16:35:30,822,-109691.0243208762,0.08797305077314377,-0.13197287917137146,20.775048707388617,False,True,0.15860673846534762,0.2123462018352563,-691591.198345217
61,10/30 16:35:37,671,-130838.82799878702,-0.04829361289739609,-0.01576719619333744,28.126437496639593,False,True,0.050802336496308075,0.14404541392854886,-2575449.0250324486
62,10/30 16:35:46,673,-119032.04698890123,0.09696396440267563,0.005406309384852648,13.222455468027007,False,True,0.09711456748356427,0.1529978376668312,-1225686.8364166508
63,10/30 16:35:53,570,-110219.25142083073,-0.11293531954288483,0.023409022018313408,8.023515737561146,False,True,0.11533589659438648,0.21214676896289017,-955637.0104656144
64,10/30 16:36:03,826,-127794.43404137416,0.08662943542003632,-0.09845148772001266,13.637874910524546,False,True,0.1311386814230205,0.11173827745320741,-974498.390975439
65,10/30 16:36:07,299,-103851.51196742384,0.1211259588599205,0.07458718866109848,20.252080430671107,False,True,0.14224889053513773,0.21234204729674028,-730069.0471239273
66,10/30 16:36:13,535,-114223.22378083803,0.03661893680691719,0.05413839593529701,23.852016704896517,False,True,0.06535986833297289,0.17193599170294543,-1747604.8635675488
67,10/30 16:36:23,771,-143775.52032515226,0.12199459969997406,-0.08476703613996506,26.638466861134216,False,True,0.14855346416377938,0.1107644738781742,-967836.8736432868
68,10/30 16:36:31,725,-136827.40884501705,0.05648228898644447,-0.06551443785429001,21.9346481744003,False,True,0.08650081416254066,0.1679434934363129,-1581804.8670375454
69,10/30 16:36:41,815,-131950.23959250562,0.11900195479393005,-0.10170184075832367,13.624166811659043,False,True,0.15653986865309782,0.13462720034884082,-842917.7865538882
70,10/30 16:36:48,597,-142028.2408568002,-0.054926466196775436,0.007816157303750515,21.58982763916763,False,True,0.05547980715459172,0.19884172759753993,-2559998.8201300986
71,10/30 16:36:55,559,-146586.77406201384,0.02911224216222763,0.0451994352042675,23.59380430099171,False,True,0.05376347876327799,0.01693722075965159,-2726512.075370704
72,10/30 16:37:01,496,-127582.13816236929,0.06320975720882416,0.07805944234132767,29.24183115818934,False,True,0.10044277057723251,0.21228567808144047,-1270197.3216108049
73,10/30 16:37:05,404,-101613.87987329805,-0.09907407313585281,-0.055111128836870193,16.672001748537525,False,True,0.11337067100194513,0.21221276414885862,-896297.7723890743
74,10/30 16:37:11,465,-101019.8057455449,-0.07378480583429337,-0.12099937349557877,24.172946092565475,False,True,0.14172172052241638,0.21224458039534774,-712803.9750940395
75,10/30 16:37:22,953,-150631.60585896694,-0.07040195912122726,-0.05407620593905449,5.436220194592614,False,True,0.08877314842416753,0.20637423806183766,-1696814.9551172066
76,10/30 16:37:56,2840,-94254.2314198725,0.06520910561084747,-0.1213109940290451,25.985578574762044,False,True,0.13772648262395096,0.14033944747436541,-684358.0814971128
77,10/30 16:39:35,8079,-104002.09649847387,-0.09935519844293594,0.03274203836917877,3.6274078090783113,False,True,0.1046111686188116,0.07551941412824721,-994177.7524486213
78,10/30 16:41:36,10000,-23975.151110688385,-0.0766897052526474,-0.05792684480547905,2.9547657199648847,False,True,0.09610842984193245,0.049292521376519134,-249459.39862007755
79,10/30 16:41:41,407,-101154.47637813506,0.09313357621431351,0.09124872088432312,23.946495338281505,False,True,0.1303847802225291,0.04913356268246433,-775815.0621989287
80,10/30 16:41:47,491,-108955.98453038007,0.045397449284791946,0.06910131126642227,12.27734195106603,False,True,0.08267962146061798,0.03304017994766251,-1317809.4263805752
81,10/30 16:41:54,568,-105206.22756258879,-0.06145578622817993,-0.05320467799901962,26.56430377766753,False,True,0.08128684473930696,0.11429609091971825,-1294258.9652728322
82,10/30 16:43:52,10000,-46857.76174120199,-0.12473533302545547,0.11180275678634644,6.634601459693572,False,True,0.16750749197616502,0.06897741532450494,-279735.3192290019
83,10/30 16:44:08,1305,-135512.560183779,-0.10317089408636093,0.10773434489965439,17.978588316223604,False,True,0.14916743075074754,0.21222612675563465,-908459.4371690609
84,10/30 16:46:12,10000,-64258.89547902357,0.06755485385656357,-0.043945591896772385,5.370295626660744,False,True,0.08059077905690253,0.060852506941992596,-797347.9873380112
85,10/30 16:46:27,1306,-103448.22751027455,-0.030424077063798904,0.13696901500225067,13.087575615928607,False,True,0.14030729273540685,0.0342363687779469,-737297.5808560317
86,10/30 16:46:35,691,-100753.25848237403,0.04216143488883972,-0.0426999032497406,28.190011548596395,False,True,0.06000723620082006,0.2071995448139125,-1679018.4794579346
87,10/30 16:46:49,1153,-105705.50293600545,-0.0885562151670456,0.13606537878513336,17.884128008111755,False,True,0.16234528370115336,0.13494899689403472,-651115.3297843199
88,10/30 16:46:57,686,-100025.75654735886,0.09687647968530655,-0.04141160845756531,18.403050030778324,False,True,0.10535641268328202,0.12147597636080161,-949403.5911041509
89,10/30 16:47:32,2878,-135359.51227564062,-0.11477001011371613,0.06871980428695679,16.935830463336767,False,True,0.13377057247060187,0.21241999118405672,-1011878.0967719036
90,10/30 16:47:39,641,-98819.00935154062,0.13288551568984985,-0.007265233434736729,15.16613503650335,False,True,0.13308397064905356,0.023658545024904564,-742531.2670609244
91,10/30 16:47:48,738,-101687.22219842998,0.10227595269680023,-0.07215788215398788,24.67847272997607,False,True,0.12516840379259178,0.16040523547097546,-812403.2832353531
92,10/30 16:47:55,639,-97796.36350227089,0.08930430561304092,-0.009766059927642345,21.362912584081894,False,True,0.08983671119317632,0.08802065701642167,-1088601.332388258
93,10/30 16:48:03,699,-113356.82843980311,-0.05903960019350052,-0.03001016192138195,25.300002907176896,False,True,0.06622902980266115,0.06416489408420961,-1711588.2382327802
94,10/30 16:49:55,10000,-48881.140728843224,-0.05724768340587616,0.109195776283741,2.073668436099953,False,True,0.1232923941960076,0.036263365902103495,-396465.1757117559
95,10/30 16:50:14,1649,-187298.3325262945,-0.025816084817051888,0.09598252177238464,25.520518919644484,False,True,0.09939373741649958,0.21215842584598535,-1884407.7845814317
96,10/30 16:50:22,688,-108327.90234528236,0.11065319180488586,-0.0127255292609334,9.488334682221252,False,True,0.11138252970152623,0.06538835487401835,-972575.3458425715
97,10/30 16:52:14,10000,-62624.961651305006,0.09795112162828445,-0.13131749629974365,1.265837441078635,False,True,0.1638252325080055,0.06152612160418674,-382266.8870513873
98,10/30 16:52:23,820,-195749.20950526054,0.1133638322353363,-0.12315258383750916,24.560856158586954,False,True,0.16738553595803254,0.212208443323142,-1169451.1618634686
99,10/30 16:52:31,656,-139560.58416704327,-0.0011135557433590293,-0.09046222269535065,23.273945032909356,False,True,0.09046907596990598,0.2121368259738607,-1542633.023172109
100,10/30 16:52:40,820,-133157.92670429128,-0.11262127012014389,0.10498230904340744,29.898305423339014,False,True,0.15396374945110738,0.18804496657888678,-864865.445138934
101,10/30 16:52:46,500,-113478.44976363229,-0.08457124978303909,-0.04752792418003082,15.469669776883327,False,True,0.09701133928403297,0.21221966577504042,-1169744.1824958872
102,10/30 16:52:55,777,-123520.13373117447,0.07037433981895447,0.0699160173535347,26.136823464482205,False,True,0.09920079451764821,0.21279533469497158,-1245152.6656795049
103,10/30 16:53:18,2042,-275534.0698202371,0.10579992085695267,0.010015848092734814,22.064066563537036,False,True,0.10627295162036855,0.21216656458917954,-2592701.7704797382
104,10/30 16:53:28,836,-128859.67328668953,0.051382556557655334,-0.01054106280207634,9.590317593629646,False,True,0.05245265502622553,0.21243716516390687,-2456685.428454702
105,10/30 16:53:36,683,-187915.044531529,-0.13505896925926208,0.017803845927119255,24.340210159598268,False,True,0.1362273923465012,0.11969777367503753,-1379421.871730156
106,10/30 16:54:21,4012,-88400.17674302123,-0.06158135086297989,0.1041586846113205,21.668171028777255,False,True,0.1210012159271662,0.21215564108488724,-730572.6315695175
107,10/30 16:55:27,5886,-91999.53867627533,-0.07811301946640015,-0.11427959054708481,6.532147485283085,False,True,0.1384249557404622,0.05740954879283711,-664616.7100733519
108,10/30 16:55:35,691,-114944.05693852733,0.015806786715984344,-0.028762366622686386,5.670770887803142,False,True,0.032819631701257145,0.18837127979255794,-3502295.759587224
109,10/30 16:55:42,645,-100596.05858794705,-0.07876944541931152,0.016698965802788734,17.60554334465079,False,True,0.08052006747143532,0.11751194397375066,-1249329.0399145992
110,10/30 16:55:49,635,-102370.14948684823,-0.030094223096966743,0.014537310227751732,20.929438988276452,False,True,0.03342148559989058,0.1848496785518337,-3063004.1618252713
111,10/30 16:55:57,646,-119669.61698704846,-0.10065197199583054,0.00671523017808795,24.970808940778568,False,True,0.10087573793352878,0.02264629895958297,-1186307.2274713246
112,10/30 16:56:03,560,-98753.17964933378,0.02938539907336235,0.03698527067899704,23.200386512067368,False,True,0.047237824902687776,0.2126861037837098,-2090553.0653193737
113,10/30 16:56:09,541,-129193.61585151593,-0.05929521098732948,-0.07258079200983047,23.05680148046292,False,True,0.09372242879754496,0.08003818926545204,-1378470.634074094
114,10/30 16:56:19,889,-164606.36510081144,0.06779640167951584,0.13397398591041565,23.74414769249137,False,True,0.15015119839843283,0.03406663018347382,-1096270.7381397062
115,10/30 16:56:31,1041,-133247.067723421,-0.04007343575358391,-0.14027665555477142,4.8506122359832595,False,True,0.1458883813152539,0.21218900984922157,-913349.4149577549
116,10/30 16:56:39,689,-107286.33952652538,-0.004862527828663588,-0.049136821180582047,17.328514732209793,False,True,0.04937683076799224,0.21258814912783022,-2172807.3239579415
117,10/30 16:56:48,760,-112572.68420506339,-0.017918521538376808,0.05535444617271423,17.021046606366887,False,True,0.05818236896190017,0.2126711096760043,-1934824.6936933743
118,10/30 16:58:42,10000,-41043.76226602259,-0.05510173738002777,-0.1325819492340088,2.8477036265733324,False,True,0.14357637384317984,0.0710622007103621,-285867.10450601234
119,10/30 16:58:53,1048,-109421.18727172549,0.05007268115878105,0.08456975221633911,6.989768571807362,False,True,0.09828182126290086,0.21255083938721814,-1113341.0621179594
120,10/30 16:59:05,757,-125195.62188887072,-0.031809259206056595,0.062424179166555405,24.56467681784545,False,True,0.07006145403393456,0.21281104529416817,-1786940.103016299
121,10/30 16:59:20,726,-128327.30987044862,-0.0523827038705349,-0.11230538040399551,23.294345137294073,False,True,0.12392112687120396,0.21259079887002055,-1035556.350321315
122,10/30 16:59:29,453,-103720.13454995371,0.07947719842195511,-0.04592351242899895,16.166215837794997,False,True,0.09179103609548289,0.2125720828122319,-1129959.2962657262
123,10/30 16:59:42,681,-131403.8251808032,-0.011940019205212593,-0.08258725702762604,18.485725058313914,False,True,0.08344590480045297,0.2127959665520652,-1574718.6814623633
124,10/30 17:00:00,929,-113123.32806794533,0.05724991858005524,-0.027383144944906235,6.968143275771402,False,True,0.06346172012519011,0.21229318218367102,-1782544.3093062781
125,10/30 17:00:22,1261,-108759.61494176702,0.0012056237319484353,-0.0696011632680893,6.362912652059699,False,True,0.069611602468205,0.21235556048083912,-1562377.69402655
126,10/30 17:00:26,298,-101621.03336972129,0.12739993631839752,-0.005082352552562952,8.017470830769247,False,True,0.1275012727047473,0.21232139887691384,-797019.7568540632
127,10/30 17:00:35,762,-134036.39892616327,-0.030718054622411728,0.021384205669164658,28.747474318022093,False,True,0.03742837261640545,0.21244785201724067,-3581144.1843830794
128,10/30 17:00:43,702,-130028.53069791583,-0.04363512992858887,-0.09333909302949905,28.902842155641682,False,True,0.10303499997875509,0.21241869572468214,-1261984.0901123558
129,10/30 17:02:34,10000,-25045.87646901799,-0.017909210175275803,0.08277495950460434,3.3884202014354643,False,True,0.08469022174628142,0.022538314484160108,-295735.16224873625
130,10/30 17:02:44,774,-98108.33316112249,-0.08926748484373093,-0.11383037269115448,28.652277649874247,False,True,0.14465834854336018,0.21232627446971694,-678207.1975038156
131,10/30 17:02:52,652,-110512.49772006611,-0.009464394301176071,0.007170252036303282,23.74088576229954,False,True,0.01187380640013676,0.18288626539626318,-9307251.103470346
132,10/30 17:02:57,455,-102606.47660479465,0.10330098867416382,0.010430160909891129,5.40079487479894,False,True,0.1038262098406996,0.2121720116488247,-988252.1644796975
133,10/30 17:03:16,1680,-154037.19230701146,-0.023155540227890015,0.032333843410015106,12.275725126421596,False,True,0.039770045432909074,0.21213349881211382,-3873196.287061522
134,10/30 17:03:22,584,-120507.01742079122,0.022908180952072144,-0.05305846408009529,20.42628348255747,False,True,0.05779260666847575,0.21234173623817862,-2085163.2132129527
135,10/30 17:03:30,699,-111334.00709264471,0.019595254212617874,-0.1285850554704666,6.18927003896689,False,True,0.13006955539552448,0.2121934656516874,-855957.4664039757
136,10/30 17:05:26,10000,-46717.023592685895,-0.04033147543668747,0.10024319589138031,10.00180381319916,False,True,0.10805242317336515,0.05696576073269391,-432355.16817360563
137,10/30 17:06:34,5791,-87591.068427446,0.07214958965778351,-0.11591421812772751,7.682946960437597,False,True,0.13653449858251498,0.12620032680901405,-641530.6705397252
138,10/30 17:06:40,485,-102165.79344116678,0.1308712661266327,0.034209687262773514,15.596462077139726,False,True,0.13526858584069676,0.21222838716598857,-755281.0048704545
139,10/30 17:06:47,602,-102320.6320289025,0.08607014268636703,0.0433775931596756,17.7441148004057,False,True,0.09638301046053827,0.21246427680307806,-1061604.441903122
140,10/30 17:06:56,889,-126778.79587363369,-0.0871414840221405,0.08534902334213257,14.32908807558347,False,True,0.12197579348509925,0.19123144291831973,-1039376.6849249575
141,10/30 17:07:05,771,-143909.73036041105,0.011196798644959927,-0.0026369548868387938,7.384024593218266,False,True,0.011503122671177798,0.1103724173274697,-12510492.539646734
142,10/30 17:07:16,895,-172464.33175234075,-0.004862438887357712,0.0439232774078846,6.491849516446545,False,True,0.04419160015728272,0.17060285716012283,-3902649.6243295423
143,10/30 17:07:24,755,-130231.53727248777,-0.07480913400650024,0.04086659103631973,4.9391554718879735,False,True,0.08524368089352437,0.2124135863871957,-1527755.909967761
144,10/30 17:07:30,494,-102611.80468228563,-0.07998352497816086,0.024363785982131958,21.526714279310706,False,True,0.08361194893787548,0.21244332013815123,-1227238.5225528858
145,10/30 17:07:36,534,-115929.8038070036,0.033305998891592026,-0.08942897617816925,5.063602947372329,False,True,0.09542972086883598,0.02410046797247503,-1214818.640896415
146,10/30 17:07:41,394,-103850.50436040705,-0.09783636033535004,-0.09388110786676407,14.227741840818029,False,True,0.13559356621832877,0.21238722168709623,-765895.5159656324
147,10/30 17:07:44,241,-102367.04527007788,0.1346711963415146,0.1337677240371704,23.09880546432878,False,True,0.18981605845869257,0.20362787225312495,-539296.0221664007
148,10/30 17:07:47,347,-103952.60450317267,0.09643504023551941,-0.10557067394256592,14.190775868094502,False,True,0.1429856108015012,0.14643719247165898,-727014.445163186
149,10/30 17:07:50,240,-102781.86790369016,0.13145795464515686,-0.12535810470581055,29.568524093532456,False,True,0.18164759796868654,0.21236109853739454,-565831.1425698472
150,10/30 17:07:57,553,-112438.3375849608,0.04720909148454666,0.10220497101545334,20.443824716475678,False,True,0.11258132697058144,0.21215922203764528,-998729.9014013398
151,10/30 17:08:07,867,-153023.2098087109,-0.0972648411989212,0.08405512571334839,16.928760624602536,False,True,0.1285523773676635,0.13442409786552698,-1190356.9030937492
152,10/30 17:08:14,656,-104399.08518518212,-0.01910974644124508,0.06987452507019043,29.436227485857895,False,True,0.07244053820832806,0.2126552014460072,-1441169.3751493962
153,10/30 17:08:18,316,-102886.31784637582,-0.11683373153209686,-0.11264906078577042,20.639594994431746,False,True,0.16229582026711734,0.21235871943775428,-633943.1149677092
154,10/30 17:08:24,600,-110436.33416033996,0.021145671606063843,0.018166029825806618,14.861385645815542,False,True,0.0278773044150319,0.21260072857861745,-3961514.087452117
155,10/30 17:08:30,451,-107861.76718256189,0.09654801338911057,-0.015352771617472172,9.46763963410922,False,True,0.09776106931068519,0.2122346138476839,-1103320.247447137
156,10/30 17:08:33,275,-102389.15160858035,-0.13087356090545654,0.004070152994245291,9.490014975247142,False,True,0.1309368345544152,0.21220966676323666,-781973.6284065206
157,10/30 17:08:39,510,-108656.5083867823,0.06425938755273819,0.06653067469596863,19.66862703005838,False,True,0.09249648365380149,0.21231428496920535,-1174709.6115941554
158,10/30 17:08:46,372,-103387.18168264595,-0.019449833780527115,-0.10594663769006729,12.97654289295829,False,True,0.10771715588824615,0.08886432264123408,-959802.3715916484
159,10/30 17:08:57,541,-110427.42923607309,-0.025593193247914314,-0.036111507564783096,19.009054814419294,False,True,0.04426118655613272,0.10147286628308706,-2494904.40334281
160,10/30 17:09:05,416,-103937.16509392252,-0.0902366116642952,-0.08983875066041946,22.589996918818184,False,True,0.12733282381703925,0.21249717055561015,-816263.7250805554
161,10/30 17:09:14,448,-108435.32294568284,-0.04728333652019501,0.09199052304029465,26.380192787059705,False,True,0.10343099229342434,0.02814630162332758,-1048383.2799173159
162,10/30 17:09:26,587,-126777.66124278918,-0.06613081693649292,-0.02786627598106861,23.186311692194177,False,True,0.07176220662883134,0.0014186963172605164,-1766635.4923909865
163,10/30 17:09:35,394,-102964.0442067826,0.0060452125035226345,-0.09777463227510452,21.10102013586097,False,True,0.09796133546438837,0.0656861821371105,-1051068.196637773
164,10/30 17:09:42,329,-102949.96116662674,0.11577775329351425,-0.11221074312925339,23.38917689447325,False,True,0.16123194101771635,0.21038806156035442,-638520.8818847779
165,10/30 17:09:50,409,-100917.67886688487,0.09336095303297043,0.07770242542028427,16.995839493974405,False,True,0.12146577294020791,0.2124640081424185,-830832.2288992642
166,10/30 17:12:06,10000,-100246.39976530835,0.09425473213195801,-0.12719064950942993,3.875791238876325,False,True,0.1583079767680374,0.13331036185477182,-633236.5671768741
167,10/30 17:12:54,4236,-80797.26800118086,0.07340969145298004,0.07194485515356064,27.116379151091717,False,True,0.1027864016218716,0.2122090964749643,-786069.623279703
168,10/30 17:13:21,2450,-95338.13176494515,0.0992007628083229,-0.06541290134191513,11.957552887814055,False,True,0.11882608354258244,0.21213662599623914,-802333.3675790117
169,10/30 17:13:26,499,-102147.92606528649,-0.04810001328587532,-0.058779798448085785,23.24706523871003,False,True,0.0759518024040636,0.06266656313935179,-1344904.568845641
170,10/30 17:13:32,477,-99826.9934819487,0.06708811223506927,-0.06693753600120544,27.12126900455923,False,True,0.09477050489580628,0.2124334910714791,-1053355.087552838
171,10/30 17:13:38,497,-100908.86556444623,-0.0356484018266201,-0.12391960620880127,26.776249840037732,False,True,0.12894525082461625,0.07108064201446603,-782571.4008009224
172,10/30 17:13:43,540,-104303.20449881595,-0.08839809894561768,-0.1016329973936081,17.709232763476066,False,True,0.13469777264994315,0.012697765764040787,-774349.8830517593
173,10/30 17:13:48,393,-102311.52548692428,-0.09029201418161392,-0.11197738349437714,25.74168160316751,False,True,0.14384568492110955,0.05217165131642759,-711258.9129318395
174,10/30 17:13:53,415,-103177.51903911709,0.09819674491882324,0.12976305186748505,12.37578443890894,False,True,0.16272999415587924,0.21219145721570928,-634041.1893598621
175,10/30 17:14:01,720,-133421.13747599212,-0.028736572712659836,-0.11231346428394318,14.891560718310208,False,True,0.11593146739672805,0.2123425506887643,-1150862.147025301
176,10/30 17:14:06,377,-100979.21991341119,0.10293296724557877,-0.004991781432181597,28.41449018630522,False,True,0.10305393472453976,0.212297696335231,-979867.679805975
177,10/30 17:14:13,661,-131384.38248514396,-0.013437850400805473,-0.09070827811956406,14.106813197500303,False,True,0.09169824353919284,0.2123623051664289,-1432790.6120577853
178,10/30 17:14:18,414,-107154.06757095199,0.0953207015991211,-0.036525748670101166,19.462094113161502,False,True,0.10207921412325016,0.2121971245916402,-1049714.856166256
179,10/30 17:14:26,713,-106807.3463095318,-0.026634948328137398,0.055825404822826385,21.053513044243058,False,True,0.06185383108251866,0.2123879166074992,-1726770.103650347
180,10/30 17:14:29,274,-100821.45903781126,0.12713618576526642,-0.04130733385682106,27.382122459742796,False,True,0.13367836960399346,0.21219649325262555,-754209.2212560868
181,10/30 17:14:37,675,-119203.21536927526,-0.013920599594712257,-0.016864007338881493,19.273387667664018,False,True,0.021867278185840708,0.21255576655853783,-5451214.108871611
182,10/30 17:45:01,2512,-99484.59382639539,-0.09132978320121765,0.1247786432504654,20.646555544583123,False,True,0.15463130055267876,0.158324549049991,-643366.4689543475
183,10/30 17:45:23,1903,-92795.97351848512,-0.07809994369745255,-0.0527493841946125,17.24656946395659,False,True,0.0942448875602086,0.2124400615326262,-984626.0727851382
184,10/30 17:45:36,1054,-132168.21630424797,0.11797524243593216,-0.05770405754446983,26.207971400970898,False,True,0.13133131868653544,0.21280652154076776,-1006372.4146386595
185,10/30 17:45:47,946,-229110.48286837808,0.010811864398419857,0.05075971037149429,24.768299105809064,False,True,0.051898405471004015,0.13697809384536516,-4414595.800951604
186,10/30 17:45:50,258,-102293.98653386314,-0.10292404890060425,0.13191036880016327,25.27331762118602,False,True,0.1673131947087944,0.17472774925530343,-611392.2258905161
187,10/30 17:45:59,796,-147680.54301469843,0.07121261954307556,-0.06118404120206833,13.642939570396306,False,True,0.09388676244402591,0.21249109032995378,-1572964.4858373264
188,10/30 17:46:11,935,-225826.54959463963,0.06148147955536842,0.08287743479013443,10.917639134481886,False,True,0.10319225617901434,0.018370973232299276,-2188405.9711116655
189,10/30 17:46:15,355,-101407.25723829001,-0.10791433602571487,0.027482014149427414,24.462966815709773,False,True,0.111358722029177,0.21243617501947587,-910635.964479912
190,10/30 17:46:19,355,-111181.85736624255,-0.10534277558326721,0.09495196491479874,28.960230120883708,False,True,0.14182022575023148,0.21237632682037527,-783963.336527555
191,10/30 17:46:29,807,-163310.26132624096,0.0784136950969696,0.059241924434900284,12.009573058572197,False,True,0.09827671828230698,0.21287484855243535,-1661739.0586559924
192,10/30 17:46:33,388,-102631.34532659654,-0.09641245007514954,0.062088511884212494,27.566202102149564,False,True,0.11467494788069921,0.21248450079265732,-894976.1671866457
193,10/30 17:46:41,704,-136818.98046307266,0.038229942321777344,-0.07257173955440521,29.164210070875978,False,True,0.08202552207748948,0.21243002534869102,-1668004.9940288076
194,10/30 17:46:48,589,-140847.10850096686,-0.026486851274967194,-0.03360859677195549,17.05541560097919,False,True,0.04279125057176679,0.21254231315039787,-3291493.1585078817
195,10/30 17:46:54,551,-117832.45513746975,-0.0684795156121254,0.06917772442102432,8.807591391098772,False,True,0.0973396222783967,0.21260588875758393,-1210529.2005393489
196,10/30 17:47:00,546,-124264.28292571258,-0.041460007429122925,0.10458194464445114,27.254236871961417,False,True,0.1125002899099959,0.21268589318566664,-1104568.5573355258
197,10/30 17:47:06,550,-105030.08219142028,-0.09273689240217209,0.0038593513891100883,4.889446249725374,False,True,0.09281716571023706,0.21216046546901235,-1131580.3643402595
198,10/30 17:47:16,902,-130507.36958918706,0.13629050552845,-0.11396512389183044,20.63273536901393,False,True,0.17766021396975465,0.21247331276527606,-734589.7355015287
199,10/30 17:47:26,814,-126828.8974753714,0.07511302828788757,0.12626829743385315,4.817241808900226,False,True,0.14692055928988967,0.21214688354594752,-863248.1259829993
200,10/30 17:47:33,607,-116449.96457145212,-0.008081262931227684,0.09278206527233124,24.796769612914446,False,True,0.09313333872449721,0.2128144132313507,-1250357.4570211542
201,10/30 17:47:40,588,-133656.33127211093,-0.03114083968102932,0.08322616666555405,11.952463564642503,False,True,0.08886139190555498,0.2122224263749915,-1504099.0063960014
202,10/30 17:47:46,521,-111838.12334804406,-0.07029096782207489,-0.09403350204229355,8.441825797582274,False,True,0.11740153158665635,0.21229692834766417,-952612.1323680873
203,10/30 17:47:50,367,-101209.56728174529,-0.10960429906845093,-0.058908313512802124,8.310236239715662,False,True,0.12443187622025016,0.21218894128788646,-813373.3120169279
204,10/30 17:47:58,722,-158827.08948106575,0.03941945359110832,-0.059046268463134766,10.486204310077591,False,True,0.07099545778936815,0.2121958868548037,-2237144.3811557577
205,10/30 17:48:05,629,-119729.07520084437,-0.0007664932636544108,0.06857392936944962,13.822034200630384,False,True,0.06857821313561638,0.21268815262395813,-1745876.273621696
206,10/30 17:48:08,238,-101681.74985507161,-0.13794079422950745,-0.10252128541469574,8.951261582850831,False,True,0.1718670344674354,0.21229718955633534,-591630.327305949
207,10/30 17:48:13,473,-111121.35504667176,-0.08028005808591843,0.09313490241765976,18.275031140936775,False,True,0.12295933288713881,0.21245436366955522,-903724.4464286999
208,10/30 17:48:22,735,-122219.56990025906,-0.053553372621536255,-0.06735706329345703,5.111788601133375,False,True,0.08605194599115408,0.2121550532825691,-1420299.895516865
209,10/30 17:48:25,278,-101784.50705516138,-0.13142907619476318,-0.07520419359207153,7.174602862501339,False,True,0.15142414498057066,0.2122842038067293,-672181.4877556113
210,10/30 17:48:34,857,-153076.8745315876,0.1256665736436844,-0.13431231677532196,25.97058122571221,False,True,0.18393446372867428,0.21265700261815,-832235.9574625156
211,10/30 17:48:43,836,-109438.99438776259,-0.09271346777677536,-0.021304680034518242,2.5131768482240875,False,True,0.09512978691608533,0.21217741624809097,-1150417.739128329
212,10/30 17:50:20,6502,-114061.64285770839,0.026444735005497932,-0.1152225136756897,15.207513680502359,False,True,0.11821823612245645,0.21229394238603297,-964839.6609433213
213,10/30 17:50:25,441,-100730.74713444705,0.0399971604347229,0.08172039687633514,25.762123900313426,False,True,0.09098349032593472,0.1633926749886681,-1107132.148630419
214,10/30 17:52:28,10000,-18099.651607681433,0.02879374474287033,0.010876734741032124,1.5140833783614118,False,True,0.0307795883304462,0.10666415716013686,-588040.7305440739
215,10/30 17:52:41,595,-98858.0770420518,-0.10361932963132858,0.013041149824857712,25.563326086378105,False,True,0.10443676164858037,0.0435690867382349,-946583.1330034886
216,10/30 17:52:56,736,-150936.3909422318,0.13161559402942657,-0.11477919667959213,16.700942716902677,False,True,0.17463369904138099,0.21252801465800236,-864302.7764444599
217,10/30 17:53:06,520,-104261.0783381399,0.06713518500328064,-0.13306079804897308,17.22665535583502,False,True,0.14903794739205012,0.21228804968228468,-699560.6163568334
218,10/30 17:53:16,493,-100582.23563458612,0.05521993711590767,0.06045360490679741,16.51159580422821,False,True,0.08187722323216527,0.20571625944133334,-1228451.9633669334
219,10/30 17:53:21,307,-103755.39783974968,0.12176024913787842,0.09640397131443024,10.549360005698178,False,True,0.15530384413778367,0.21239007075972524,-668080.0363685729
220,10/30 17:53:29,697,-138691.2883114731,-0.10784506052732468,0.057205550372600555,6.286431654244036,False,True,0.12207797598625257,0.033487089946668526,-1136087.7110797723
221,10/30 17:53:43,1238,-203844.14929058254,-0.1320490688085556,-0.10309892892837524,4.7468377371511234,False,True,0.16753013586169446,0.21238084319644657,-1216761.0814741256
222,10/30 17:53:56,1088,-99124.39884253671,-0.08749210834503174,0.021808253601193428,2.591582353074427,False,True,0.09016911533034741,0.06606920499436611,-1099316.5284962633
223,10/30 17:54:04,694,-98464.56667996803,-0.04788459092378616,-0.04523993656039238,20.95821242443589,False,True,0.06587553424500943,0.20230484117570535,-1494706.1577330201
224,10/30 17:54:12,638,-99367.8118429883,-0.018299689516425133,0.03728458657860756,4.59131591262866,False,True,0.041533347514583444,0.12961790832133704,-2392482.6143160667
225,10/30 17:54:18,444,-100307.35921415489,-0.09850426763296127,0.07876288890838623,26.789763391119305,False,True,0.12612170352729898,0.03909477807848719,-795321.9502180559
226,10/30 17:54:22,298,-102299.51468349114,0.12204018980264664,0.05240122973918915,18.327550391242287,False,True,0.13281451953025686,0.21221518427004618,-770243.4571559475
227,10/30 17:54:28,527,-99705.85332172923,0.046876825392246246,-0.1173279657959938,25.95506580430295,False,True,0.12634590624182437,0.21233455776130833,-789149.8528721109
228,10/30 17:54:35,554,-98503.51955935538,-0.08172672986984253,0.03143497556447983,23.79585685727117,False,True,0.0875637811846809,0.049021768846346035,-1124934.5131818994
229,10/30 17:54:41,542,-100044.82475015652,0.04240286722779274,-0.1330636888742447,26.262074655366103,False,True,0.1396565401620981,0.2122333963230605,-716363.3341770846
230,10/30 17:54:49,629,-103651.48809236332,-0.09423431009054184,-0.0029777821619063616,23.457166629288277,False,True,0.09428134487711248,0.0794415392375545,-1099384.9125451487
231,10/30 17:54:58,760,-98649.73203043573,-0.07904909551143646,-0.09359899908304214,25.736943513615813,False,True,0.12251339417090305,0.2121843218490842,-805215.8924992469
232,10/30 17:55:03,425,-102545.30682734435,0.11036120355129242,-0.035801440477371216,6.93139737459533,False,True,0.1160230078740302,0.2123919233215974,-883835.9624211862
233,10/30 17:55:09,531,-106685.45822896078,0.06813915818929672,0.06345677375793457,6.598160206191552,False,True,0.09311126136405308,0.2121604300316303,-1145784.6952779894
234,10/30 17:55:16,607,-98334.35205397232,-0.05964480713009834,0.005167721305042505,15.81496444870821,False,True,0.05986825897405904,0.11622929914458663,-1642512.3051696003
235,10/30 17:55:26,841,-121584.29426178233,-0.08860526978969574,-0.030908796936273575,4.55706515695797,False,True,0.0938416073186452,0.1415356100832325,-1295633.1177164842
236,10/30 17:55:34,744,-131073.35216555852,-0.12341763824224472,0.09890589118003845,13.469510366136657,False,True,0.15815906146493403,0.08743850471416252,-828743.8667851429
237,10/30 17:55:41,539,-101390.65731221558,0.055803678929805756,-0.008147272281348705,8.374861438452339,False,True,0.05639528917309444,0.2124298048078686,-1797856.8564657334
238,10/30 17:55:49,651,-98576.05664186954,-0.06303466856479645,-0.017092477530241013,14.355366384172601,False,True,0.06531096476593978,0.1413018749632289,-1509333.9532671822
239,10/30 17:55:56,540,-98918.7623429065,0.041023582220077515,-0.08980404585599899,22.196064210828936,False,True,0.09873044497888658,0.21238950476932433,-1001907.3889929311
240,10/30 17:56:39,2145,-100311.35040883799,0.0695602148771286,0.008163750171661377,2.687913177028091,False,True,0.07003763568656696,0.21215132640443662,-1432249.2389342242
241,10/30 17:56:49,628,-97867.26521891175,-0.003029642626643181,-0.07442726939916611,28.142303965021892,False,True,0.07448890419251984,0.21241036482884118,-1313850.2476284187
242,10/30 17:57:22,2814,-90969.79923210049,0.11720364540815353,0.05114756524562836,17.12735815385936,False,True,0.1278779383817712,0.21223735831697535,-711379.9329522824
243,10/30 17:59:07,9005,-52307.067911683174,-0.03544127568602562,0.022268356755375862,4.452931927234333,False,True,0.04185646601978344,0.0398776744121385,-1249677.1200645622
244,10/30 17:59:16,880,-109798.03384572927,0.07602180540561676,-0.03239750489592552,5.157276314624415,False,True,0.08263723736597783,0.21221019513839645,-1328675.0301134058
245,10/30 17:59:37,1900,-115381.34301066905,-0.12685605883598328,0.10315152257680893,2.652049368911626,False,True,0.16350135888619882,0.12348227728063625,-705690.4223712138
246,10/30 17:59:41,289,-107518.2997893115,0.12582185864448547,-0.1243823915719986,7.719981588125186,False,True,0.17692405301870567,0.21165635679518172,-607708.7764767852
247,10/30 17:59:45,361,-102642.32354837876,0.05078187212347984,-0.1172642782330513,12.428368358294978,False,True,0.12778775152756128,0.0621677401370984,-803225.0534296384
248,10/30 17:59:51,545,-108522.97265580908,-0.07478981465101242,0.0385969914495945,21.109389816408523,False,True,0.08416201135959385,0.04708494064240362,-1289453.1737380852
249,10/30 18:00:01,877,-140191.7212701846,-0.07000911980867386,-0.08791765570640564,8.984473507635517,False,True,0.112386789579695,0.09218622682614884,-1247403.9145924062
250,10/30 18:00:06,395,-101033.92587331083,-0.09911350905895233,-0.0938083603978157,24.721351432614103,False,True,0.13646793519762396,0.21243396746381532,-740349.1943144014
251,10/30 18:00:10,281,-100877.74131548115,0.033801160752773285,-0.1280038058757782,18.295712813195433,False,True,0.13239143747579923,0.036021291602274914,-761965.7527619285
252,10/30 18:00:18,599,-93040.1073460238,-0.00200182874687016,0.007931150496006012,21.13224797334417,False,True,0.008179882040444121,0.19559916610702366,-11374260.274903946
253,10/30 18:00:25,576,-107309.0903425203,0.005329714622348547,0.029353095218539238,9.407031521023702,False,True,0.029833035992471675,0.1698751868246209,-3596988.5991355223
254,10/30 18:00:31,514,-102753.97577599085,0.05037546530365944,-0.05955164507031441,28.42985938254403,False,True,0.07800055068899889,0.21221035040472785,-1317349.3631562677
255,10/30 18:02:01,7583,-93012.09093156796,0.1412561684846878,-0.040388502180576324,1.9160306509831788,False,True,0.1469167685468706,0.21213865611631413,-633093.7703812515
256,10/30 18:02:06,422,-114251.2491108244,0.09635249525308609,-0.08609923720359802,10.286470755575934,False,True,0.12921641344220455,0.21234163163759506,-884185.2677015082
257,10/30 18:02:11,418,-106623.16449127824,-0.12543682754039764,0.09081108868122101,12.078273566301121,False,True,0.15485815980072856,0.14845857721680972,-688521.4484563222
258,10/30 18:02:17,459,-104984.44792383029,-0.11726635694503784,0.07851843535900116,20.931966656345185,False,True,0.1411259853359893,0.11186869475644066,-743905.8630760727
259,10/30 18:02:20,256,-102157.46242322263,-0.13206511735916138,0.026332629844546318,13.619301354439516,False,True,0.1346647742143566,0.21234049899583204,-758605.6785764219
260,10/30 18:14:32,10000,-13931.892466617237,0.04078935459256172,-0.04268047958612442,1.444768690666813,False,True,0.05903723097975558,0.05768611729134948,-235984.8562578183
261,10/30 18:16:17,5635,-92515.54744433414,-0.009917384944856167,0.051270920783281326,25.73312825027625,False,True,0.052221276726222454,0.04526645316588182,-1771606.388127203
262,10/30 18:16:30,1063,-99937.29586633251,0.06396413594484329,-0.021717336028814316,14.437397989427645,False,True,0.0675503782684848,0.21248610934437978,-1479448.3528889078
263,10/30 18:16:38,754,-131328.64714453334,-0.09508716315031052,-0.034483280032873154,26.17262599785401,False,True,0.10114675029456197,0.16252863962616315,-1298397.098889237
264,10/30 18:16:47,766,-108860.77961902003,-0.13664144277572632,0.02292727120220661,10.97199712578086,False,True,0.13855158598842868,0.061855910180371114,-785705.7632534909
265,10/30 18:16:56,680,-99655.7441819343,-0.13449089229106903,0.03663819655776024,28.600006207812942,False,True,0.1393921040081388,0.06562805518850894,-714931.0564687051
266,10/30 18:17:06,876,-192760.06719986885,-0.13313338160514832,-0.05330625921487808,25.398006104825665,False,True,0.1434086946057531,0.07640593595812348,-1344130.9659068324
267,10/30 18:17:13,538,-106833.52008421416,0.12526096403598785,0.08751827478408813,6.566104403550394,False,True,0.1528062768265765,0.09170691173274417,-699143.5319470684
268,10/30 18:17:22,779,-146682.7346375317,0.013073946349322796,-0.07274904102087021,10.004749852355964,False,True,0.07391448457442355,0.21230823175422256,-1984492.423671557
269,10/30 18:17:30,756,-144533.09430294816,0.07790199667215347,0.031026994809508324,28.92854588047451,False,True,0.08385341436135517,0.1579947570819449,-1723639.9424369526
270,10/30 18:19:19,10000,-9958.239663155724,0.02672075852751732,-0.04558496177196503,1.2895144640635376,False,True,0.05283926316720174,0.03535653063215032,-188462.8790459171
271,10/30 18:19:28,809,-118776.72897979512,-0.00726907467469573,0.05903300270438194,14.108982828294646,False,True,0.0594788615429919,0.12495535538986612,-1996957.0011682578
272,10/30 18:19:34,495,-101247.53824526776,-0.12181162089109421,-0.05568874254822731,29.490037774094514,False,True,0.1339376974402542,0.04120019286750229,-755930.109149677
273,10/30 18:19:48,1302,-206774.59920193144,0.12035622447729111,-0.0028155185282230377,11.911658433475411,False,True,0.12038915362811188,0.005829166251232889,-1717551.7309530103
274,10/30 18:19:53,405,-105193.3143784993,0.11610053479671478,-0.09972240030765533,28.30016478147509,False,True,0.153048657343146,0.21215174696593805,-687319.4198799693
275,10/30 18:20:02,856,-219119.78375830175,0.007709697354584932,0.13102686405181885,11.978588103080682,False,True,0.13125348881217205,0.20845494041065538,-1669439.6906421983
276,10/30 18:21:51,10000,-69946.5391991148,-0.03603634983301163,-0.13159415125846863,1.4583391035820643,False,True,0.13643914650811706,0.03019091856272367,-512657.4080038938
277,10/30 18:21:56,448,-101401.55000654997,-0.07037926465272903,-0.07471081614494324,23.493554797929804,False,True,0.10263988896490896,0.005748434695169636,-987935.1101131612
278,10/30 18:22:04,707,-139436.76407003097,-0.12138505280017853,-0.13529513776302338,25.06990536250947,False,True,0.18176662012990455,0.06920504425459811,-767119.7493267941
279,10/30 18:22:12,497,-101695.09737279001,-0.12367095053195953,-0.05594463646411896,20.367666020377303,False,True,0.13573616343791411,0.04292755210678033,-749211.5203278563
280,10/30 18:22:23,661,-100576.19441103784,-0.03336144983768463,-0.008427989669144154,16.88187039461834,False,True,0.03440955386899577,0.008005904861415851,-2922914.8042416372
281,10/30 18:22:37,838,-148163.1551763598,-0.0982305034995079,-0.1227494329214096,9.77446082251398,False,True,0.15721531940327305,0.1730994089296271,-942421.8691837942
282,10/30 18:22:48,689,-105051.24302456848,-0.02667732536792755,-0.1307370364665985,11.63217388098957,False,True,0.1334310740234624,0.17125707468462087,-787307.183078631
283,10/30 18:22:52,318,-100719.82466072829,0.05329437553882599,-0.11815717816352844,29.533949291002838,False,True,0.12962025082274486,0.12398312133705305,-777037.7238234342
284,10/30 18:22:54,239,-102860.52358836902,0.11399054527282715,-0.13444384932518005,21.38519382651619,False,True,0.1762639887564479,0.18425118635737728,-583559.4911590033
285,10/30 18:23:03,773,-113517.16002669708,0.01928384229540825,0.1344672590494156,8.651199425117333,False,True,0.13584295827337833,0.21224599494309623,-835649.9407076257
286,10/30 18:23:14,929,-123633.21426556859,0.08707019686698914,-0.053019024431705475,7.408020434430431,False,True,0.10194231502181827,0.019680251947794665,-1212776.2081831074
287,10/30 18:23:19,474,-105481.37719759348,-0.0856921374797821,-0.06725689768791199,27.699975330252478,False,True,0.108934075701674,0.06589139067296218,-968304.6972965919
288,10/30 18:23:25,475,-100090.60961112448,-0.012906569987535477,-0.126154363155365,22.79062613514304,False,True,0.12681286473031422,0.08978173930663906,-789278.0422868101
289,10/30 18:23:30,483,-112006.87078333896,0.12320112437009811,0.08456753194332123,7.2651451895984405,False,True,0.14943287924168308,0.06211319267254809,-749546.3605582162
290,10/30 18:25:18,10000,-39043.64705567183,-0.07010215520858765,-0.0868467390537262,9.179351268438014,False,True,0.11160944646774026,0.003887953420394682,-349823.8571316367
291,10/30 18:25:26,663,-108859.58602009907,-0.00020480205421335995,-0.12265198677778244,23.33761823403639,False,True,0.12265215869932006,0.21233419455564756,-887547.2488581855
292,10/30 18:25:32,529,-103021.01732727455,0.09523249417543411,0.11009209603071213,27.36281123855504,False,True,0.14556612216149384,0.21214034383564434,-707726.6042230696
293,10/30 18:25:37,446,-102175.60867268275,0.09614527225494385,0.04193975031375885,15.11683986878774,False,True,0.10489449640190436,0.21219748671636737,-974079.786619079
294,10/30 18:25:46,863,-172122.9589069191,0.010690937750041485,0.09695775806903839,20.022987242016658,False,True,0.0975453891925125,0.030645196406600923,-1764542.233433737
295,10/30 18:25:56,959,-109288.488553006,-0.001066674361936748,0.06519430875778198,9.952305292878258,False,True,0.06520303213084097,0.21277517685617037,-1676125.8638049234
296,10/30 18:26:07,965,-107194.22491070231,-0.1138024777173996,0.06525691598653793,17.02424533241576,False,True,0.1311848705913308,0.12295570281612406,-817123.3803678129
297,10/30 18:26:11,374,-99721.5872494578,0.1349601149559021,0.0593099445104599,5.92329882833855,False,True,0.14741744100981166,0.21221238862201466,-676457.1855701975
298,10/30 18:26:15,334,-100487.80538669262,0.12280909717082977,0.0011823837412521243,16.07804323582354,False,True,0.12281478837844206,0.2123436509223377,-818206.0704045593
299,10/30 18:26:22,592,-105602.44760788017,0.06792885065078735,0.0715198665857315,7.17384632486736,False,True,0.09863782624447072,0.21230781050878025,-1070608.0175180244
300,10/30 18:26:34,1130,-128523.11861839086,-0.08474334329366684,0.10415858775377274,7.490873036483654,False,True,0.13427749633780392,0.21219193304017825,-957145.6284459111
301,10/30 18:26:40,494,-102825.85716762747,-0.1331496685743332,0.10816061496734619,15.234884069553548,False,True,0.17154460275126537,0.2121589614653343,-599411.7886455568
302,10/30 18:26:47,646,-100004.47902252855,0.09162422269582748,-0.032137539237737656,4.70059735295139,False,True,0.09709696355884846,0.21218198331688556,-1029944.4530200773
303,10/30 18:27:00,758,-134210.10463288036,-0.04970657452940941,-0.13191626965999603,13.763064552814692,False,True,0.1409703689297038,0.21223355479883646,-952044.7853818521
304,10/30 18:27:10,561,-98450.58999529402,0.03055776283144951,0.08685297518968582,27.046720058911035,False,True,0.09207180125570806,0.21235253062514048,-1069280.590284862
305,10/30 18:27:15,287,-101047.43323451979,0.13168276846408844,-0.12351024150848389,12.55029320233602,False,True,0.18054121841357704,0.21224903499037567,-559691.765251324
306,10/30 18:27:24,502,-105189.6439543176,0.06530143320560455,0.024573802947998047,19.909822904250657,False,True,0.06977212403047485,0.21236500070596656,-1507617.0521679001
307,10/30 18:27:32,507,-103022.47053187371,0.06144990026950836,-0.03548143059015274,20.130860592431347,False,True,0.07095789084844409,0.21221649033630355,-1451881.8034193686
308,10/30 18:27:53,1187,-116221.180044059,0.024906957522034645,0.07413426786661148,5.0169199697971205,False,True,0.07820643115033711,0.21215215763158865,-1486082.133330515
309,10/30 18:28:06,778,-130609.27265489206,0.029656725004315376,0.12326757609844208,20.694347461120714,False,True,0.12678492480954232,0.2123226861466304,-1030164.0581567148
310,10/30 18:28:17,800,-112384.41634051141,-0.04153602942824364,-0.08303652703762054,10.034010359601199,False,True,0.09284560759389576,0.21226623921364,-1210444.082956276
311,10/30 18:28:27,720,-144882.66847862295,-0.03905222564935684,-0.07028384506702423,24.35939054560715,False,True,0.08040456990111255,0.21269022359201425,-1801920.8193863893
312,10/30 18:28:39,830,-123414.99345362134,-0.0918860211968422,-0.0774475559592247,19.891408564322752,False,True,0.1201713951422664,0.21273574381419874,-1026991.4342553398
313,10/30 18:28:50,684,-139863.01597440115,-0.02573537267744541,-0.06664632260799408,23.693219981394666,False,True,0.07144257920878257,0.2125174266619115,-1957698.3015362292
314,10/30 18:29:02,680,-102074.8444670177,-0.04350254312157631,0.03426216542720795,23.136888269978407,False,True,0.05537478882034088,0.19958875268523849,-1843345.078898476
315,10/30 18:30:08,3867,-114127.90774648683,0.041278548538684845,0.13467895984649658,4.340373110160442,False,True,0.14086283995290882,0.21224279099132964,-810205.926450442
316,10/30 18:30:17,518,-105262.10644677319,0.05659742280840874,-0.12211352586746216,27.43638740929736,False,True,0.1345919028404073,0.21249184020843848,-782083.5000125379
317,10/30 18:30:36,1088,-116958.84164340349,-0.048310741782188416,-0.07836999744176865,5.894604378668897,False,True,0.09206402235591733,0.2121993517789283,-1270407.6864167782
318,10/30 18:30:46,570,-107760.53049125636,-0.04724353924393654,-0.029723109677433968,29.999595173926288,False,True,0.05581590580013437,0.11577952700958258,-1930641.9728656798
319,10/30 18:30:53,409,-99186.2919419446,0.13287684321403503,-0.02808332070708275,5.571671737871476,False,True,0.135812110181443,0.21217698847728142,-730319.9384019079
320,10/30 18:33:40,10000,-123504.18273978641,-0.11985712498426437,-0.12848566472530365,4.517620530965074,False,True,0.1757108335385713,0.16952443514300103,-702883.1418790993
321,10/30 18:35:33,6719,-61538.52850773955,-0.0029634125530719757,-0.06116768345236778,10.280562686279277,False,True,0.061239427157596164,0.2121704002860177,-1004884.1304373025
322,10/30 18:35:38,285,-99703.95865333728,0.12082122266292572,0.07974201440811157,29.676748102329313,False,True,0.1447637981128653,0.21224545755795451,-688735.4432052339
323,10/30 18:35:44,337,-101284.63901696987,-0.11324939876794815,-0.014841021038591862,27.88013294483915,False,True,0.11421769815500733,0.2122982426860361,-886768.3437247551
324,10/30 18:35:55,615,-114100.73657499539,0.05264304205775261,0.015002964995801449,17.481686459278684,False,True,0.05473918898811238,0.21250032186914813,-2084443.315369076
325,10/30 18:36:00,287,-102156.06872434684,0.12711606919765472,0.041794463992118835,22.792745881113362,False,True,0.1338105845717383,0.21234444208131445,-763437.8778875979
326,10/30 18:36:07,454,-101338.26532454824,-0.11452405899763107,0.07482092082500458,17.10803075867631,False,True,0.13679886922684414,0.21218953287162098,-740782.9165349749
327,10/30 18:36:25,1058,-111483.21318717218,0.02054453268647194,0.12800973653793335,18.226755263725188,False,True,0.12964786705266282,0.19353357325002848,-859892.3817380491
328,10/30 18:36:37,660,-97423.91938628689,0.024447130039334297,-0.029396960511803627,29.563513351267975,False,True,0.038234061964770055,0.21230526111892675,-2548092.3129762155
329,10/30 18:36:51,859,-108147.50274876741,-0.0382494255900383,-0.040651142597198486,11.175045321212805,False,True,0.05581696741213279,0.21248077930551587,-1937538.1315549521
330,10/30 18:37:05,775,-111946.46283207192,0.08360323309898376,0.011107157915830612,5.179418080705266,False,True,0.0843378297514877,0.21216529885852128,-1327357.6420206286
331,10/30 18:37:09,261,-101804.82245827324,-0.13104215264320374,0.08822964876890182,28.575540873763607,False,True,0.15797631759703804,0.21237138337973574,-644430.9122203644
332,10/30 18:39:57,10000,-77231.21524441575,-0.14163409173488617,-0.002345561282709241,1.348492022932051,False,True,0.14165351177828361,0.19279203733715752,-545212.146701299
333,10/30 18:40:03,333,-103307.06602888377,0.11316155642271042,0.09523338079452515,26.687759155185127,False,True,0.14790177292680012,0.21231786248240286,-698484.2979537016
334,10/30 18:40:17,870,-127762.33046943671,0.04506593942642212,-0.10906485468149185,16.623964735831475,False,True,0.11800881898988078,0.09169471906342687,-1082650.6998633067
335,10/30 18:40:29,694,-111390.26078445016,0.06772752851247787,-0.0020344839431345463,11.520231759232589,False,True,0.06775807844255163,0.024512320931483443,-1643940.6686966761
336,10/30 18:40:37,461,-109488.78446299981,0.025068901479244232,0.07696150243282318,24.913749789268856,False,True,0.08094147738695735,0.06159962461046214,-1352690.7093574065
337,10/30 18:40:41,239,-101962.60473625333,0.13593818247318268,-0.01461790595203638,8.420999597008487,False,True,0.13672187665361385,0.21216693537414638,-745766.5681007038
338,10/30 18:40:47,314,-104287.22842312409,-0.11970396339893341,-0.04909161105751991,25.87649105874383,False,True,0.12937938673534222,0.21229679170497603,-806057.526276991
339,10/30 18:40:53,353,-105477.46854325765,-0.08097411692142487,0.10739974677562714,29.174628568061756,False,True,0.13450469450530894,0.17668751463061563,-784191.7260300117
340,10/30 18:41:03,568,-106358.44716460686,0.06490194797515869,-0.10590368509292603,28.82057268512733,False,True,0.12420891236990644,0.21221044426869176,-856286.7602274857
341,10/30 18:41:20,1020,-130698.72814538854,0.03172847628593445,-0.13327527046203613,7.956295258268815,False,True,0.13699997860454127,0.06531728812399859,-954005.4639180516
342,10/30 18:41:27,374,-103460.87858578147,-0.10131213068962097,-0.009339059703052044,29.45394341525017,False,True,0.1017416648353357,0.21256759654817955,-1016897.8338739418
343,10/30 18:41:38,633,-117903.41455135918,-0.07409372180700302,-0.12042570859193802,10.971748396988296,False,True,0.1413938840970419,0.212466902087179,-833865.0239669442
344,10/30 18:41:53,885,-120789.22762438592,0.028754835948348045,-0.08981169015169144,10.159450560255932,False,True,0.0943026001985002,0.13845178159601534,-1280868.474147407
345,10/30 18:41:58,302,-101927.94822256561,0.12277083098888397,-0.09359767287969589,17.365502604438536,False,True,0.1543800516112837,0.21231911580014437,-660240.4077387655
346,10/30 18:42:09,650,-118167.32003856602,-0.005636618938297033,-0.054818473756313324,16.995465439649752,False,True,0.055107498537314815,0.2126047294057785,-2144305.6421541553
347,10/30 18:42:14,272,-100208.5372902613,-0.02054968662559986,0.13074004650115967,14.988522882074143,False,True,0.13234519088483176,0.04820495050053964,-757175.5091385517
348,10/30 18:42:22,441,-108951.57756118473,0.06091054156422615,0.08662872016429901,19.17561566782811,False,True,0.10589914894357515,0.020463938805376832,-1028823.9201925596
349,10/30 18:42:30,508,-106494.97098621004,0.07452819496393204,0.058677271008491516,14.45578170385858,False,True,0.09485501497415649,0.1957988264643892,-1122713.1324076527
350,10/30 18:43:39,4051,-88089.70036129472,0.12859231233596802,-0.028889473527669907,15.156662638503297,False,True,0.13179750942084315,0.21217456123879075,-668371.5098137032
351,10/30 18:44:10,1801,-116503.49364179555,0.058063436299562454,-0.08510977774858475,17.780670997136184,False,True,0.10302930079766373,0.2122970934689855,-1130780.2027172192
352,10/30 18:44:24,796,-120032.54058879346,-0.0852135717868805,0.06773659586906433,15.787639809708917,False,True,0.10885586322788647,0.21218968808281147,-1102674.0960889626
353,10/30 18:47:14,10000,-112579.91624778524,-0.11228115856647491,-0.12871305644512177,1.642441324752079,False,True,0.1708043029928091,0.16018485643132885,-659116.3938798712
354,10/30 18:47:21,417,-101991.1148095393,-0.034759167581796646,-0.10272359848022461,10.212405051664764,False,True,0.10844509306358427,0.046269626530262405,-940486.2122229834
355,10/30 18:47:30,545,-100200.55807400896,-0.1367061585187912,0.02441185899078846,8.561452407900614,False,True,0.13886868922713275,0.2121638915393445,-721548.958456154
356,10/30 18:47:38,462,-99526.26892539089,0.07173272967338562,0.029599200934171677,23.346187547126874,False,True,0.07759959754944717,0.2124207240703998,-1282561.6635701214
357,10/30 18:47:45,384,-101633.19057080678,0.10163148492574692,0.1113814264535904,26.833475164029498,False,True,0.15078056859074923,0.21228770149571394,-674047.0043368853
358,10/30 18:47:50,270,-99937.01080173894,0.011504537425935268,-0.13614746928215027,7.964039215567504,False,True,0.1366326742329133,0.01322351901323801,-731428.3451071121
359,10/30 18:48:01,620,-98180.90689541753,0.006654746364802122,0.03519503027200699,10.693212019923047,False,True,0.03581865123257742,0.2124242660814314,-2741055.3864217256
360,10/30 18:48:09,478,-99314.70296464664,0.06987937539815903,0.06136238947510719,15.80506211233561,False,True,0.09299715073127804,0.21235453220121886,-1067932.7504519317
361,10/30 18:48:21,681,-98152.96350024742,-0.032760296016931534,0.06664546579122543,22.760074675252874,False,True,0.07426206993428126,0.2124357314522969,-1321710.579668848
362,10/30 18:48:33,711,-97404.44566896925,-0.08041545748710632,0.05422944575548172,27.271627597350918,False,True,0.09699215630489713,0.16657323065867308,-1004250.74954284
363,10/30 18:48:46,706,-133874.7389228669,0.013789298944175243,-0.013871178962290287,6.5333391161155285,False,True,0.01955899711426845,0.17652619647049633,-6844662.747314594
364,10/30 18:48:50,232,-101298.90216840032,0.130349263548851,-0.13496223092079163,15.54163548974288,False,True,0.18763190834992452,0.1849442541488399,-539880.9992353898
365,10/30 18:48:55,254,-101631.08984004731,0.13105493783950806,0.04911903291940689,25.976369616246256,False,True,0.13995740629996234,0.21236428078072767,-726157.2826108786
366,10/30 18:49:00,287,-102251.32546918611,0.12357734143733978,-0.07376749068498611,27.07143043250912,False,True,0.14392012190669962,0.21235210903317092,-710472.7547095428
367,10/30 18:49:13,752,-105618.80042507968,-0.102463498711586,0.07376234233379364,20.1812759669353,False,True,0.12625233827446242,0.16229350088761338,-836569.0637386289
368,10/30 18:49:26,742,-98534.16183945288,-0.07368992269039154,0.07724706828594208,25.761959666308865,False,True,0.10675820463982985,0.20847581756799824,-922965.7071498868
369,10/30 18:49:38,675,-101605.7147688968,-0.10029058158397675,0.028192177414894104,26.98306819339782,False,True,0.10417773267458862,0.10218636934954467,-975311.2508819344
370,10/30 18:49:45,451,-113633.29298744864,-0.0664563924074173,-0.08509498834609985,11.781908981081582,False,True,0.10797040646851569,0.029001662753929257,-1052448.5060689687
371,10/30 18:49:52,359,-101450.22474027044,0.10751321166753769,0.0969574823975563,27.19637217267887,False,True,0.14477514617539045,0.21240295811665874,-700743.3763345453
372,10/30 18:49:58,361,-100393.1776466004,-0.1257276087999344,0.08534268289804459,20.726593939110714,False,True,0.15195659202013462,0.2123116960196027,-660670.1052712346
373,10/30 18:50:06,463,-100171.67584925653,0.07040707021951675,-0.006355701945722103,27.532175802013036,False,True,0.07069335219247115,0.21248079120268032,-1416988.6240014068
374,10/30 18:50:13,398,-102628.1371613054,0.0966845378279686,-0.06837939471006393,12.819287228498503,False,True,0.11842145550687896,0.21251239054697801,-866634.6543540318
375,10/30 18:50:23,581,-117431.2386567858,-0.04116207733750343,-0.06459970027208328,7.566688766238199,False,True,0.07659920316289023,0.025706803697300443,-1533060.838858404
376,10/30 18:50:32,481,-114170.40810464016,-0.07463281601667404,-0.08099788427352905,11.63169609598606,False,True,0.11013952493517352,0.05286740965956419,-1036597.971271795
377,10/30 18:50:43,637,-115641.5852355822,0.006260264664888382,0.06784289330244064,11.121878858468964,False,True,0.06813111684071604,0.21244067693798463,-1697338.7579414123
378,10/30 18:50:50,406,-107264.55564878805,-0.11995196342468262,-0.126258984208107,18.59355747989568,False,True,0.17415454305732603,0.2122728382310796,-615915.9202265544
379,10/30 18:50:57,395,-100604.52039711937,0.09587834030389786,0.05210472643375397,29.818470120007504,False,True,0.10912176175354275,0.21255200752237804,-921947.3621067443
380,10/30 18:53:41,10000,-8720.492393948838,-0.04631257802248001,-0.00612984923645854,5.7329458985452515,False,True,0.046716486619261754,0.06548509621786001,-186668.4124818855
381,10/30 18:55:31,10000,-46705.57254062146,-0.08766931295394897,0.005082487594336271,4.090617956081073,False,True,0.08781651445287698,0.20557680496522512,-531854.0918141773
382,10/30 18:55:39,723,-108656.71987505109,-0.030298853293061256,-0.12038315832614899,9.06777354971229,False,True,0.12413752557379544,0.21217688543873847,-875293.1023299514
383,10/30 18:55:43,291,-99515.60783832427,0.1280236691236496,0.024710500612854958,24.870492636410372,False,True,0.13038660878646785,0.2121757083581362,-763234.8809784558
384,10/30 18:55:58,1221,-98957.66795418921,0.12780703604221344,0.06912217289209366,4.212925309369593,False,True,0.14530145490364932,0.21217030447983184,-681050.7714448483
385,10/30 18:56:06,712,-107648.97355065923,-0.008914897218346596,-0.1349797546863556,9.983049753722648,False,True,0.13527383209972896,0.2124246316025409,-795785.6436808588
386,10/30 18:56:12,494,-103017.05878601641,0.08203310519456863,0.06329188495874405,9.398607666833692,False,True,0.10361126314403611,0.2123179960176329,-994265.0601875815
387,10/30 18:56:18,530,-101829.02904496733,0.05307074263691902,0.09939400106668472,25.688327486161317,False,True,0.11267506848984485,0.21219946524551794,-903740.5560054748
388,10/30 18:56:23,403,-104662.79238510494,0.09918162226676941,0.12110064923763275,23.792496492162357,False,True,0.1565323007985869,0.21237715465128515,-668633.8337272417
389,10/30 18:56:31,692,-112111.93754291028,0.02715255506336689,0.13093681633472443,23.4144523505128,False,True,0.13372251150158884,0.21217797238544006,-838392.4014288216
390,10/30 18:56:35,334,-101166.70336889215,-0.11344754695892334,0.015400598756968975,21.749879010379377,False,True,0.11448809655779933,0.21215808955066087,-883643.858274979
391,10/30 18:56:46,722,-147348.71153585496,-0.002000668551772833,-0.02540978603065014,16.333184729572125,False,True,0.02548842667578357,0.21267467380918573,-5781004.587303549
392,10/30 18:56:56,534,-105204.93513039556,-0.026220014318823814,-0.03614848107099533,27.326350950934742,False,True,0.04465648792142067,0.19692403164724054,-2355871.2300778856
393,10/30 18:57:03,531,-118687.28012880721,-0.07072251290082932,-0.09816215932369232,14.338383106546445,False,True,0.12098546724246417,0.21225649105128552,-981004.4365985609
394,10/30 18:57:10,606,-133361.66425104006,0.022522563114762306,-0.12717989087104797,24.493604383719948,False,True,0.1291587769177869,0.21216249430264456,-1032540.4702146444
395,10/30 18:57:13,260,-101418.9550459747,-0.13070935010910034,0.01029127836227417,16.7586309495835,False,True,0.13111385823234667,0.21230168652127052,-773518.1956605252
396,10/30 18:57:17,247,-101369.67497445861,-0.13240782916545868,-0.009434990584850311,26.851911672557804,False,True,0.1327435581001135,0.21233403350728286,-763650.4281285491
397,10/30 18:57:25,680,-104547.67135938982,0.10083861649036407,0.048813510686159134,6.474623385495321,False,True,0.11203207431340982,0.21225961913042113,-933194.1053498449
398,10/30 18:57:32,502,-100632.5563501364,-0.07292863726615906,-0.019290607422590256,7.838739903902326,False,True,0.07543682044413721,0.2121807188872327,-1333997.8508857917
399,10/30 18:57:39,583,-104663.30728655451,0.008891849778592587,-0.014683357439935207,25.63476347090713,False,True,0.01716583760317122,0.17518053022872365,-6097186.149962119
400,10/30 18:57:46,578,-99555.57795215413,-0.026343615725636482,0.12215818464756012,20.862803297531524,False,True,0.12496642690050852,0.2124871457425517,-796658.5940031307
401,10/30 18:57:54,750,-99578.71772126808,0.12789422273635864,-0.014186759479343891,4.210061514916238,False,True,0.12867865555575098,0.21216294418115797,-773855.751687776
402,10/30 18:58:01,567,-109235.4246847906,-0.024987932294607162,-0.030845744535326958,21.38998165224189,False,True,0.03969706163436072,0.13040735262960815,-2751725.6992703793
403,10/30 19:00:27,10000,-12851.177907319183,-0.04829825088381767,0.0763995423913002,2.9174514167928187,False,True,0.09038590036406913,0.05189275579559573,-142181.22357088205
404,10/30 19:00:36,390,-103488.34219164093,0.09769976884126663,0.010811607353389263,22.314596594613793,False,True,0.09829616694209764,0.21236826163866046,-1052821.746880545
405,10/30 19:00:45,408,-101505.3244665805,0.09217340499162674,0.02808470092713833,25.182459955933094,False,True,0.09635707704770972,0.21226155913161102,-1053428.845878354
406,10/30 19:01:04,1005,-147493.02395906765,0.03410717472434044,0.03148634359240532,6.302858236539363,False,True,0.04641863076587761,0.21247639775630794,-3177453.1373616033
407,10/30 19:01:17,650,-112533.70070832036,0.047069720923900604,0.0016038856701925397,20.124120604595188,False,True,0.047097040340050335,0.20114534845431872,-2389400.690485089
408,10/30 19:01:26,422,-100778.91637496755,-0.08989043533802032,0.07085898518562317,20.273265714768876,False,True,0.11446085031495794,0.21255967042501167,-880466.256345796
409,10/30 19:01:32,436,-102203.85043414723,0.08187796920537949,-0.0604533888399601,20.842245367621125,False,True,0.1017772760283033,0.2124074195105479,-1004191.2539074566
410,10/30 19:02:59,6692,-62200.422913259186,0.06375374644994736,-0.0008197516435757279,9.72599217659308,False,True,0.06375901762093701,0.21228087426985678,-975554.9133936779
411,10/30 19:03:12,1166,-97787.06094387523,-0.09848332405090332,-0.008298288099467754,11.248280140834586,False,True,0.09883231580088767,0.21215527269693835,-989423.9566427012
412,10/30 19:03:20,592,-107554.39373025898,0.059832725673913956,-0.1379700005054474,13.304472953644034,False,True,0.15038509482582496,0.2122950839439389,-715193.1769224056
413,10/30 19:03:29,770,-141310.00857074937,-0.00994778424501419,-0.12172679603099823,18.79642024512303,False,True,0.12213259824525259,0.21251649715005316,-1157021.2261184105
414,10/30 19:03:38,730,-162745.93279124502,0.06404147297143936,-0.05017425864934921,25.58221038507789,False,True,0.08135580237313748,0.21279865637830467,-2000421.9495594501
415,10/30 19:03:48,824,-111082.04148274477,0.02029005065560341,0.039874039590358734,6.260057100855168,False,True,0.0447395267396472,0.2124971081755919,-2482861.343821643
416,10/30 19:04:00,986,-129229.485723377,0.12119589000940323,0.023244019597768784,7.234328503340462,False,True,0.12340473180731994,0.21247208740817145,-1047200.4098283009
417,10/30 19:04:08,667,-101626.1766336694,-0.015631675720214844,-0.01603659614920616,12.635658196498488,False,True,0.022394681212912732,0.21258007882888957,-4537960.40530695
418,10/30 19:04:15,650,-108737.28394109619,-0.09456325322389603,-0.07938039302825928,5.178320289646751,False,True,0.12346439068667342,0.21222324432035403,-880717.7789185263
419,10/30 19:04:22,584,-134109.95512085347,0.045297298580408096,-0.1337936818599701,20.043425233589492,False,True,0.1412536556479769,0.21231143885181078,-949426.4378903828
