Layer,Parameter Name,Values

log_std,log_std
0.0
0.0
0.0
0.0

critic,critic.0.weight
0.020874014124274254,0.147854745388031,0.6802123188972473,-0.1557290107011795,
0.07923679053783417,0.06634216755628586,0.015589650720357895,-0.08693400025367737,
0.06270249933004379,0.4793091416358948,-0.08462280035018921,-0.10591049492359161,
0.27268365025520325,0.02891879342496395,0.021629340946674347,-0.16181117296218872,
0.0010883300565183163,0.10621856898069382,-0.2989095449447632,-0.47641056776046753,
0.26734286546707153,0.35630854964256287,-0.20507894456386566,0.5355625152587891,
-0.3146803677082062,-0.2548461854457855,-0.3442605435848236,0.10541802644729614,
-0.1811070591211319,0.5241572260856628,0.24466262757778168,0.5323677062988281,
-0.21233969926834106,-0.005735981278121471,0.2894038259983063,0.09126591682434082,
0.22064203023910522,-0.09587236493825912,0.3975990414619446,-0.17031006515026093,
-0.46275389194488525,0.0985487848520279,0.05380988121032715,-0.32229453325271606,
0.3591814637184143,-0.10933531075716019,-0.07237055152654648,-0.055706385523080826,
0.161794051527977,-0.17516008019447327,0.16791461408138275,-0.08383514732122421,
0.1685463786125183,-0.09532579779624939,-0.08126845955848694,-0.2425941526889801,
0.07613886147737503,-0.2182098925113678,-0.09579157084226608,-0.1644817739725113,
0.18173246085643768,-0.04993704706430435,0.055477943271398544,0.005551288835704327,
-0.11500100046396255,0.037981998175382614,-0.4067195951938629,-0.1687012016773224,
-0.0753173902630806,-0.19997087121009827,-0.36062148213386536,-0.17155291140079498,
0.21400487422943115,0.2171485722064972,-0.40539684891700745,-0.23418737947940826,
-0.10639607161283493,-0.023102499544620514,-0.30688565969467163,0.014530160464346409,
0.058247584849596024,0.0577513612806797,-0.1253555417060852,-0.20407460629940033,
-0.27312493324279785,-0.5502375960350037,-0.3017643392086029,-0.014327607117593288,
0.12905709445476532,-0.05725409463047981,-0.20608553290367126,0.1381010115146637,
0.1718469113111496,0.41396552324295044,0.27545619010925293,-0.1362532526254654,
0.1598258912563324,-0.242482528090477,-0.24267247319221497,-0.009962259791791439,
-0.1499941498041153,-0.09593034535646439,-0.13647903501987457,-0.03745751827955246,
-0.10016725957393646,0.22056689858436584,-0.46881604194641113,0.017530374228954315,
0.09807229042053223,-0.41095051169395447,-0.07758743315935135,0.06903377175331116,
-0.26625385880470276,0.4079483151435852,0.06727348268032074,-0.07911794632673264,
0.25003236532211304,0.10600137710571289,-0.2835013270378113,0.17200244963169098,
0.28011569380760193,-0.0011001642560586333,-0.2712136507034302,-0.11100652068853378,
0.12081212550401688,-0.15108834207057953,-0.2353861778974533,0.09801727533340454,

critic,critic.3.weight
0.019634174183011055
-0.06287611275911331
-0.04895741865038872
-0.03217613697052002
-0.08443622291088104
0.12683874368667603
0.014174954034388065
-0.10009529441595078
0.07736394554376602
0.1292676031589508
0.0003773005155380815
-0.09301124513149261
0.0786614939570427
0.03708947077393532
-0.10186523199081421
0.08926600217819214
-0.24687166512012482
0.028673209249973297
0.09094174206256866
-0.13693219423294067
-0.007803670130670071
0.0447113998234272
-0.10087417811155319
-0.012482095509767532
0.016403988003730774
-0.006872851401567459
-0.024830743670463562
-0.0035530177410691977
0.17045363783836365
0.00046186972758732736
-0.10723420232534409
0.11792606860399246
0.07103732973337173
0.17016233503818512
0.11608605086803436
0.21783605217933655
-0.07822562754154205
-0.004616880789399147
0.0021901896689087152
0.16870979964733124
0.06282442808151245
0.09785515069961548
-3.1902432056085672e-06
0.12081047147512436
0.07582022249698639
-0.048831794410943985
-0.01866968348622322
0.0977252721786499
0.06664091348648071
-0.29592546820640564
0.0966382548213005
-0.09949617087841034
-0.06600746512413025
-0.011749820783734322
0.09284065663814545
-0.026953406631946564
-0.061030883342027664
-0.08553758263587952
-0.0673687681555748
0.02048347145318985
0.0711209774017334
0.03481636196374893
-0.028373010456562042
0.10548479110002518
0.007362461183220148
-0.11846767365932465
-0.0957552045583725
-0.15474705398082733
-0.013025413267314434
0.08554249256849289
-0.04998038336634636
-0.06748007237911224
0.030856721103191376
0.04555200785398483
-0.022147979587316513
-0.08756408840417862
-0.1397818922996521
-0.004073927644640207
-0.01666581630706787
0.07665769010782242
-0.02482251264154911
-0.05610158294439316
-0.013072109781205654
-0.07757103443145752
0.02970701828598976
0.0037591627333313227
0.015021084807813168
0.0661986842751503
-0.004629547242075205
0.07802516967058182
0.21051762998104095
0.18910713493824005
-0.06544047594070435
0.02706795372068882
0.019305843859910965
0.0033240329939872026
-0.025958316400647163
0.07819633930921555
-0.11685451865196228
0.08329062908887863
0.13804008066654205
-0.03027140535414219
0.010971955955028534
-0.028086429461836815
0.0983341708779335
-0.040336642414331436
-0.08554546535015106
-0.000509628385771066
-0.10101953148841858
-0.20964419841766357
-0.07515992224216461
0.031256053596735
-0.0190605279058218
0.11709495633840561
0.04595738649368286
0.016382021829485893
-0.009516468271613121
0.10730583220720291
-0.09645187854766846
0.08927059918642044
-0.020119260996580124
0.09948210418224335
-0.016932766884565353
0.07174624502658844
0.01827678084373474
-0.10974907130002975
0.02032529003918171
-0.0863877460360527

actor,actor.0.weight
3.0754199028015137,3.6821773052215576,-1.698473334312439,-1.5360549688339233,
3.5126900672912598,3.637385129928589,-2.673912763595581,-1.941828966140747,
0.5463559031486511,2.3027563095092773,-2.161562919616699,-2.2583861351013184,
-1.4620922803878784,-0.7045239210128784,-1.010936975479126,-2.112787961959839,
1.5228261947631836,2.2936973571777344,3.7730600833892822,3.8617899417877197,
2.2735447883605957,2.954562187194824,3.5513803958892822,4.618936538696289,
3.4875295162200928,3.9997785091400146,4.146075248718262,4.944684028625488,
2.5392613410949707,3.1463773250579834,3.4557766914367676,3.9706199169158936,
1.5221450328826904,1.4596714973449707,1.583644151687622,2.284512758255005,
2.1613235473632812,1.7973884344100952,3.0752346515655518,3.1689400672912598,
3.9980900287628174,4.411509037017822,4.355508804321289,4.099797248840332,
3.9923906326293945,3.999318838119507,4.717435359954834,4.400501728057861,
1.5282264947891235,3.11576771736145,3.1570076942443848,2.300401210784912,
3.411882162094116,2.9787611961364746,2.8444128036499023,2.1809704303741455,
3.9576730728149414,3.5644586086273193,2.313699245452881,0.9285679459571838,
2.847370147705078,2.7746498584747314,0.47743451595306396,0.4571821093559265,
2.6564137935638428,2.7173573970794678,3.9999868869781494,4.608946323394775,
2.7895898818969727,2.5936567783355713,3.999741315841675,3.999274730682373,
1.4390521049499512,1.4478044509887695,1.9852148294448853,2.2574260234832764,
0.1405763328075409,-2.4448275566101074,1.539536476135254,0.13611608743667603,
2.2173025608062744,0.8566316366195679,-1.3170830011367798,-3.060683488845825,
3.495300531387329,1.430585265159607,-2.0141639709472656,-0.9649514555931091,
5.279359340667725,2.209536075592041,-1.7916865348815918,-1.2145599126815796,
5.934443473815918,4.994335174560547,2.293412685394287,1.6011320352554321,
1.3435938358306885,2.439054012298584,2.2826285362243652,1.8903578519821167,
2.340209484100342,2.8166112899780273,3.42930006980896,3.3870785236358643,
3.9987471103668213,4.191188335418701,3.5198593139648438,3.528125286102295,
4.445913314819336,3.1048176288604736,3.027707099914551,3.3619110584259033,
2.6412620544433594,2.2782814502716064,3.5423836708068848,2.647888660430908,
3.564969539642334,1.5895463228225708,2.4218947887420654,1.9289427995681763,
3.0915989875793457,-0.7042689323425293,-2.110548734664917,-2.1626040935516357,
3.9989585876464844,2.838977336883545,1.4052091836929321,1.0046595335006714,

actor,actor.3.weight
-3.1166858673095703
-0.2298792153596878
-1.3369470834732056
-1.1517856121063232
1.7562575340270996
1.460054874420166
-1.9125863313674927
2.2815186977386475
-2.2026119232177734
0.48771587014198303
-2.8327484130859375
0.3688555359840393
0.13972622156143188
3.094266414642334
-1.4526467323303223
1.3769193887710571
-1.3726884126663208
-0.6908032298088074
-0.7608287334442139
-1.1177574396133423
0.36000505089759827
-0.9778580665588379
0.6714293956756592
-1.7714685201644897
0.39981117844581604
-0.07803790271282196
0.21466992795467377
-1.4320698976516724
-3.1961398124694824
-0.23963186144828796
-1.3240479230880737
-3.8862805366516113
-0.38272881507873535
0.11770930886268616
-0.5245624780654907
-1.2480967044830322
-0.6801413893699646
-0.2620012164115906
0.4995892345905304
-1.6416383981704712
0.42732173204421997
0.06052873283624649
0.4587780237197876
-0.6879052519798279
-3.5493366718292236
-0.680985689163208
-1.6191178560256958
-4.024442672729492
-1.3631418943405151
-0.6293382048606873
-1.5053504705429077
0.10854370146989822
-0.6580225825309753
0.7462330460548401
1.5552529096603394
0.04319111257791519
-0.6771683096885681
1.1234166622161865
-0.3869743049144745
-0.08806507289409637
-2.963024616241455
1.2115384340286255
-0.691462516784668
-1.9049890041351318
-1.9593071937561035
-1.5040444135665894
-2.148327589035034
-2.030125617980957
0.40802207589149475
0.15841050446033478
1.9969050884246826
-0.7494292259216309
-0.1892457753419876
-1.170047640800476
0.017211325466632843
-1.2787740230560303
-0.743034839630127
1.2501908540725708
0.4705851674079895
-1.425642967224121
0.16726717352867126
1.0803195238113403
0.04881531000137329
-0.33445850014686584
-3.0630428791046143
0.7439829707145691
-0.6486964821815491
0.3364088535308838
-1.9806814193725586
1.2761824131011963
-1.4986701011657715
1.4928721189498901
-4.741894245147705
0.4038589894771576
-3.0203325748443604
-0.7539799809455872
-1.0428550243377686
-0.2058079093694687
-0.692085862159729
-0.9960354566574097
-0.782619833946228
-0.319582998752594
0.7664222717285156
-1.5315033197402954
-0.3532816767692566
0.8558574914932251
0.12809094786643982
-0.7793421745300293
-3.579421043395996
-0.034816674888134
-1.6811633110046387
-2.8806190490722656
-1.5852702856063843
-0.4828934669494629
-1.6846894025802612
-0.3045288920402527
-1.1707087755203247
0.4202287793159485
1.019881010055542
-0.5799973011016846
-1.914262056350708
0.17508681118488312
-0.48554328083992004
-0.6315878629684448
-2.7988028526306152
0.881163477897644
0.11976738274097443
-1.297777533531189
-3.0932564735412598
-0.3078196942806244
-1.4761505126953125
-1.2619675397872925
1.5821411609649658
1.5257090330123901
-1.8012099266052246
2.331070899963379
-2.312843084335327
0.4869036376476288
-2.892706871032715
0.31319761276245117
0.20947018265724182
3.075645685195923
-1.394303798675537
1.4010826349258423
-1.3342310190200806
-0.7226625680923462
-0.8078230619430542
-1.2484698295593262
0.15467426180839539
-0.9554392695426941
0.6500580310821533
-1.8097952604293823
0.4404991567134857
-0.0600956454873085
0.3762282729148865
-1.4099617004394531
-3.1440792083740234
-0.2243032306432724
-1.391459584236145
-4.044364929199219
-0.3617307245731354
-0.014856812544167042
-0.4958103895187378
-1.1438380479812622
-0.6459051370620728
-0.3437396287918091
0.6074789762496948
-1.6518332958221436
0.3465721011161804
0.1374332308769226
0.3998982608318329
-0.7515777945518494
-3.706393003463745
-0.5568358302116394
-1.6033819913864136
-3.9187026023864746
-1.3255337476730347
-0.5683958530426025
-1.4791812896728516
0.09042800962924957
-0.5806547403335571
0.8202067613601685
1.5136750936508179
0.09091874957084656
-0.8370590209960938
1.06502103805542
-0.48650407791137695
-0.11664503067731857
-2.986560344696045
1.037333369255066
-0.5199064016342163
-1.8754193782806396
-2.052299976348877
-1.3626726865768433
-2.0493576526641846
-2.0166988372802734
0.48193007707595825
0.23537801206111908
1.904858946800232
-0.7247897982597351
-0.2090330868959427
-1.0650498867034912
-0.00520341144874692
-1.370995283126831
-0.7718257904052734
1.1841245889663696
0.44188567996025085
-1.4145317077636719
0.09447275847196579
1.1204718351364136
0.07181180268526077
-0.4580326974391937
-2.934216260910034
0.695216178894043
-0.73479163646698
0.3310754597187042
-1.9887219667434692
1.2260578870773315
-1.4275182485580444
1.6163347959518433
-4.767177581787109
0.41857191920280457
-3.0227038860321045
-0.6816116571426392
-1.0455188751220703
-0.2710914611816406
-0.5909563899040222
-1.0758715867996216
-0.796970784664154
-0.14994166791439056
0.7423568367958069
-1.4810826778411865
-0.23929846286773682
0.9292737245559692
-0.03832745552062988
-0.650700032711029
-3.4066336154937744
0.11409547924995422
-1.8524222373962402
-2.7626852989196777
-1.5337878465652466
-0.5126361846923828
-1.7640551328659058
-0.1799735575914383
-1.117195725440979
0.3245335519313812
1.0667957067489624
-0.5450125336647034
-1.840949535369873
0.0710771456360817
-0.5147172808647156
-0.5860536098480225
-2.8605196475982666
0.8457216620445251
-0.020081546157598495
-1.4158600568771362
-3.1189727783203125
-0.39797139167785645
-1.5017892122268677
-1.2318124771118164
1.8272457122802734
1.4963610172271729
-1.8470455408096313
2.315825939178467
-2.346792459487915
0.48766881227493286
-2.656527280807495
0.2749556601047516
0.05617756396532059
3.2045016288757324
-1.454507827758789
1.1920446157455444
-1.291542410850525
-0.6206380128860474
-0.8475081920623779
-1.1924318075180054
0.23573672771453857
-0.9186071753501892
0.6063463091850281
-1.7930768728256226
0.3169272541999817
0.038783732801675797
0.4381338357925415
-1.4892734289169312
-3.1701624393463135
-0.2668921649456024
-1.2714486122131348
-3.9711098670959473
-0.3512450158596039
-0.043975215405225754
-0.4913390874862671
-1.1797657012939453
-0.6127510666847229
-0.2890337109565735
0.5858448147773743
-1.595723032951355
0.3814254701137543
0.12071260809898376
0.4062722325325012
-0.7911163568496704
-3.6744003295898438
-0.6847230792045593
-1.5557329654693604
-3.990788221359253
-1.300168752670288
-0.5412930846214294
-1.456333041191101
0.022536270320415497
-0.9462785124778748
0.7975744605064392
1.5656993389129639
0.05354951694607735
-0.6230353713035583
0.9410642981529236
-0.5086597800254822
-0.1786443293094635
-2.9429738521575928
1.2491192817687988
-0.6478893160820007
-1.7295111417770386
-1.923972725868225
-1.4948464632034302
-2.0288472175598145
-2.1160950660705566
0.5086861252784729
0.19244034588336945
1.9825544357299805
-0.6483625769615173
-0.10736241936683655
-1.348786473274231
0.07815531641244888
-1.342449426651001
-0.8305996060371399
1.2802681922912598
0.5045105218887329
-1.3349056243896484
0.07797084003686905
1.1745715141296387
0.04901695251464844
-0.4286673963069916
-2.988510847091675
0.7014243602752686
-0.6361448168754578
0.36890071630477905
-2.037187099456787
1.2874635457992554
-1.452026128768921
1.626383900642395
-4.752881050109863
0.3457917869091034
-2.9312286376953125
-0.7922089099884033
-1.1467318534851074
-0.2081030011177063
-0.5947797298431396
-1.0359768867492676
-0.7438740730285645
-0.3297506272792816
0.7188099026679993
-1.5244567394256592
-0.28719064593315125
0.8868722915649414
0.030086543411016464
-0.6603463888168335
-3.426818609237671
0.04860241338610649
-1.849551796913147
-2.9820916652679443
-1.6213876008987427
-0.5322842001914978
-1.7242662906646729
-0.14240485429763794
-1.1212313175201416
0.3869737982749939
1.0076124668121338
-0.6616755127906799
-1.7250357866287231
0.19191224873065948
-0.5414201021194458
-0.541587233543396
-2.8479785919189453
0.814635157585144
-0.11858392506837845
-1.298513650894165
-2.956686019897461
-0.1729426383972168
-1.3796916007995605
-1.1708017587661743
1.7669737339019775
1.5560376644134521
-1.8081942796707153
2.266321897506714
-2.259021043777466
0.46044930815696716
-2.8818717002868652
0.32206499576568604
0.24878095090389252
3.0331122875213623
-1.506584644317627
1.308233380317688
-1.355425477027893
-0.7041627764701843
-0.8170029520988464
-1.2165383100509644
0.11902601271867752
-0.8681765794754028
0.870374858379364
-1.683163046836853
0.433186799287796
0.0021477194968611
0.3489466607570648
-1.4605624675750732
-3.0140860080718994
-0.27558058500289917
-1.3284263610839844
-4.011115550994873
-0.42584073543548584
-0.050447721034288406
-0.4114046096801758
-1.2158019542694092
-0.6561481356620789
-0.4275943338871002
0.49923500418663025
-1.757102370262146
0.4838477075099945
0.18405938148498535
0.4988054931163788
-0.6921219825744629
-3.661224603652954
-0.5585636496543884
-1.6752471923828125
-4.01669979095459
-1.4127331972122192
-0.5923752784729004
-1.5155266523361206
-0.016182387247681618
-0.7336363792419434
0.8538863658905029
1.5086569786071777
0.030717728659510612
-0.859230101108551
1.0033576488494873
-0.41761672496795654
-0.1631203144788742
-2.979586362838745
1.1388734579086304
-0.6047014594078064
-1.7843687534332275
-1.9821934700012207
-1.4552009105682373
-1.9764230251312256
-2.0780911445617676
0.5474364757537842
0.17448073625564575
1.8720130920410156
-0.6510654091835022
-0.0945473313331604
-1.1759015321731567
0.0011977681424468756
-1.2666765451431274
-0.8231258988380432
1.1784780025482178
0.4539867043495178
-1.4495490789413452
0.07463415712118149
1.196628451347351
0.006177280098199844
-0.4066890776157379
-2.9770991802215576
0.6170961260795593
-0.6549559831619263
0.32714077830314636
-2.0330028533935547
1.2226669788360596
-1.4300949573516846
1.6013901233673096
-4.684659957885742
0.3337486684322357
-3.060622215270996
-0.7681698203086853
-1.0747854709625244
-0.21537943184375763
-0.7357877492904663
-0.9931483864784241
-0.6937215924263
-0.23715169727802277
0.735710859298706
-1.540455937385559
-0.26641014218330383
0.8319072127342224
-0.1100972592830658
-0.7292453050613403
-3.556445598602295
0.10885348170995712
-1.7072288990020752
-2.889285087585449
-1.5386723279953003
-0.5191147923469543
-1.6994131803512573
-0.23011542856693268
-1.1312651634216309
0.474738746881485
1.0339069366455078
-0.5188141465187073
-1.8628536462783813
0.18247312307357788
-0.554730236530304
-0.6105330586433411
-2.9613239765167236
0.7821248173713684
0.10407551378011703
-1.2252581119537354
