trial_id,total_reward,config
0,-80308.69315138849,SimulationConfig(dt=0.001, eta=0.001, seed=None, T=1, epsilon_start=0, epsilon_end=0.5, n_sensor_1d=10, n_mf=100, max_firing_rate=200, transmitt_speed=100, sigma=3, tau_pre_ms=5.0, tau_post_ms=5.0, tau_e_ms=50, tau=4.0, t_pkj=2.0, integral_decay=16.0, n_grc=8, n_goc=2, n_pkj=1, n_mli=2, n_cf=4, t_grc=2, t_goc=2, t_mli=2, t_motor=2, th_pkj=1.0, weight_init='kaiming', simulation_duration_s=10.0, success_duration_s=3.0, num_steps=64, success_reward_per_sec=10000, penalize_failure_per_sec=10000, plate_size=0.3, ball_mass=None, ball_density=2000, n_motor=4, motor_mode='motor_neuron', motor_decay=8.0, motor_damping=5.0, motor_gain=1.0, motor_max_hinge_deg=10.0, motor_window_time=0.005, motor_window_len=5, use_ema=False, ema_alpha=0.5)
0,-22007.034165489564,SimulationConfig(dt=0.001, eta=0.001, seed=None, T=1, epsilon_start=0, epsilon_end=0.5, n_sensor_1d=10, n_mf=100, max_firing_rate=200, transmitt_speed=100, sigma=3, tau_pre_ms=5.0, tau_post_ms=5.0, tau_e_ms=50, tau=4.0, t_pkj=2.0, integral_decay=16.0, n_grc=8, n_goc=2, n_pkj=1, n_mli=2, n_cf=4, t_grc=2, t_goc=2, t_mli=2, t_motor=2, th_pkj=1.0, weight_init='kaiming', simulation_duration_s=10.0, success_duration_s=3.0, num_steps=64, success_reward_per_sec=10000, penalize_failure_per_sec=10000, plate_size=0.3, ball_mass=None, ball_density=2000, n_motor=4, motor_mode='motor_neuron', motor_decay=8.0, motor_damping=5.0, motor_gain=1.0, motor_max_hinge_deg=10.0, motor_window_time=0.005, motor_window_len=5, use_ema=False, ema_alpha=0.5)
0,-70493.42185320184,SimulationConfig(dt=0.001, eta=0.001, seed=None, T=1, epsilon_start=0, epsilon_end=0.5, n_sensor_1d=10, n_mf=100, max_firing_rate=200, transmitt_speed=100, sigma=3, tau_pre_ms=5.0, tau_post_ms=5.0, tau_e_ms=50, tau=4.0, t_pkj=2.0, integral_decay=16.0, n_grc=8, n_goc=2, n_pkj=1, n_mli=2, n_cf=4, t_grc=2, t_goc=2, t_mli=2, t_motor=2, th_pkj=1.0, weight_init='kaiming', simulation_duration_s=10.0, success_duration_s=3.0, num_steps=64, success_reward_per_sec=10000, penalize_failure_per_sec=10000, plate_size=0.3, ball_mass=None, ball_density=2000, n_motor=4, motor_mode='motor_neuron', motor_decay=8.0, motor_damping=5.0, motor_gain=1.0, motor_max_hinge_deg=10.0, motor_window_time=0.005, motor_window_len=5, use_ema=False, ema_alpha=0.5)
0,-79645.66810393284,SimulationConfig(dt=0.001, eta=0.001, seed=None, T=1, epsilon_start=0, epsilon_end=0.5, n_sensor_1d=10, n_mf=100, max_firing_rate=200, transmitt_speed=100, sigma=3, tau_pre_ms=5.0, tau_post_ms=5.0, tau_e_ms=50, tau=4.0, t_pkj=2.0, integral_decay=16.0, n_grc=8, n_goc=2, n_pkj=1, n_mli=2, n_cf=4, t_grc=2, t_goc=2, t_mli=2, t_motor=2, th_pkj=1.0, weight_init='kaiming', simulation_duration_s=10.0, success_duration_s=3.0, num_steps=64, success_reward_per_sec=10000, penalize_failure_per_sec=10000, plate_size=0.3, ball_mass=None, ball_density=2000, n_motor=4, motor_mode='motor_neuron', motor_decay=8.0, motor_damping=5.0, motor_gain=1.0, motor_max_hinge_deg=10.0, motor_window_time=0.005, motor_window_len=5, use_ema=False, ema_alpha=0.5)
0,-121264.55873350706,SimulationConfig(dt=0.001, eta=0.001, seed=None, T=1, epsilon_start=0, epsilon_end=0.5, n_sensor_1d=10, n_mf=100, max_firing_rate=200, transmitt_speed=100, sigma=3, tau_pre_ms=5.0, tau_post_ms=5.0, tau_e_ms=50, tau=4.0, t_pkj=2.0, integral_decay=16.0, n_grc=8, n_goc=2, n_pkj=1, n_mli=2, n_cf=4, t_grc=2, t_goc=2, t_mli=2, t_motor=2, th_pkj=1.0, weight_init='kaiming', simulation_duration_s=10.0, success_duration_s=3.0, num_steps=64, success_reward_per_sec=10000, penalize_failure_per_sec=10000, plate_size=0.3, ball_mass=None, ball_density=2000, n_motor=4, motor_mode='motor_neuron', motor_decay=8.0, motor_damping=5.0, motor_gain=1.0, motor_max_hinge_deg=10.0, motor_window_time=0.005, motor_window_len=5, use_ema=False, ema_alpha=0.5)
0,-109497.47047911225,SimulationConfig(dt=0.001, eta=0.001, seed=None, T=1, epsilon_start=0, epsilon_end=0.5, n_sensor_1d=10, n_mf=100, max_firing_rate=200, transmitt_speed=100, sigma=3, tau_pre_ms=5.0, tau_post_ms=5.0, tau_e_ms=50, tau=4.0, t_pkj=2.0, integral_decay=16.0, n_grc=8, n_goc=2, n_pkj=1, n_mli=2, n_cf=4, t_grc=2, t_goc=2, t_mli=2, t_motor=2, th_pkj=1.0, weight_init='kaiming', simulation_duration_s=10.0, success_duration_s=3.0, num_steps=64, success_reward_per_sec=10000, penalize_failure_per_sec=10000, plate_size=0.3, ball_mass=None, ball_density=2000, n_motor=4, motor_mode='motor_neuron', motor_decay=8.0, motor_damping=5.0, motor_gain=1.0, motor_max_hinge_deg=10.0, motor_window_time=0.005, motor_window_len=5, use_ema=False, ema_alpha=0.5)
0,-119893.61697447262,SimulationConfig(dt=0.001, eta=0.001, seed=None, T=1, epsilon_start=0, epsilon_end=0.5, n_sensor_1d=10, n_mf=100, max_firing_rate=200, transmitt_speed=100, sigma=3, tau_pre_ms=5.0, tau_post_ms=5.0, tau_e_ms=50, tau=4.0, t_pkj=2.0, integral_decay=16.0, n_grc=8, n_goc=2, n_pkj=1, n_mli=2, n_cf=4, t_grc=2, t_goc=2, t_mli=2, t_motor=2, th_pkj=1.0, weight_init='kaiming', simulation_duration_s=10.0, success_duration_s=3.0, num_steps=64, success_reward_per_sec=10000, penalize_failure_per_sec=10000, plate_size=0.3, ball_mass=None, ball_density=2000, n_motor=4, motor_mode='motor_neuron', motor_decay=8.0, motor_damping=5.0, motor_gain=1.0, motor_max_hinge_deg=10.0, motor_window_time=0.005, motor_window_len=5, use_ema=False, ema_alpha=0.5)
0,-106555.83403115554,SimulationConfig(dt=0.001, eta=0.001, seed=None, T=1, epsilon_start=0, epsilon_end=0.5, n_sensor_1d=10, n_mf=100, max_firing_rate=200, transmitt_speed=100, sigma=3, tau_pre_ms=5.0, tau_post_ms=5.0, tau_e_ms=50, tau=4.0, t_pkj=2.0, integral_decay=16.0, n_grc=8, n_goc=2, n_pkj=1, n_mli=2, n_cf=4, t_grc=2, t_goc=2, t_mli=2, t_motor=2, th_pkj=1.0, weight_init='kaiming', simulation_duration_s=10.0, success_duration_s=3.0, num_steps=64, success_reward_per_sec=10000, penalize_failure_per_sec=10000, plate_size=0.3, ball_mass=None, ball_density=2000, n_motor=4, motor_mode='motor_neuron', motor_decay=8.0, motor_damping=5.0, motor_gain=1.0, motor_max_hinge_deg=10.0, motor_window_time=0.005, motor_window_len=5, use_ema=False, ema_alpha=0.5)
0,-107983.44006215765,SimulationConfig(dt=0.001, eta=0.001, seed=None, T=1, epsilon_start=0, epsilon_end=0.5, n_sensor_1d=10, n_mf=100, max_firing_rate=200, transmitt_speed=100, sigma=3, tau_pre_ms=5.0, tau_post_ms=5.0, tau_e_ms=50, tau=4.0, t_pkj=2.0, integral_decay=16.0, n_grc=8, n_goc=2, n_pkj=1, n_mli=2, n_cf=4, t_grc=2, t_goc=2, t_mli=2, t_motor=2, th_pkj=1.0, weight_init='kaiming', simulation_duration_s=10.0, success_duration_s=3.0, num_steps=64, success_reward_per_sec=10000, penalize_failure_per_sec=10000, plate_size=0.3, ball_mass=None, ball_density=2000, n_motor=4, motor_mode='motor_neuron', motor_decay=8.0, motor_damping=5.0, motor_gain=1.0, motor_max_hinge_deg=10.0, motor_window_time=0.005, motor_window_len=5, use_ema=False, ema_alpha=0.5)
0,-112758.85222633625,SimulationConfig(dt=0.001, eta=0.001, seed=None, T=1, epsilon_start=0, epsilon_end=0.5, n_sensor_1d=10, n_mf=100, max_firing_rate=200, transmitt_speed=100, sigma=3, tau_pre_ms=5.0, tau_post_ms=5.0, tau_e_ms=50, tau=4.0, t_pkj=2.0, integral_decay=16.0, n_grc=8, n_goc=2, n_pkj=1, n_mli=2, n_cf=4, t_grc=2, t_goc=2, t_mli=2, t_motor=2, th_pkj=1.0, weight_init='kaiming', simulation_duration_s=10.0, success_duration_s=3.0, num_steps=64, success_reward_per_sec=10000, penalize_failure_per_sec=10000, plate_size=0.3, ball_mass=None, ball_density=2000, n_motor=4, motor_mode='motor_neuron', motor_decay=8.0, motor_damping=5.0, motor_gain=1.0, motor_max_hinge_deg=10.0, motor_window_time=0.005, motor_window_len=5, use_ema=False, ema_alpha=0.5)
0,-80063.48086665217,SimulationConfig(dt=0.001, eta=0.001, seed=None, T=1, epsilon_start=0, epsilon_end=0.5, n_sensor_1d=10, n_mf=100, max_firing_rate=200, transmitt_speed=100, sigma=3, tau_pre_ms=5.0, tau_post_ms=5.0, tau_e_ms=50, tau=4.0, t_pkj=2.0, integral_decay=16.0, n_grc=8, n_goc=2, n_pkj=1, n_mli=2, n_cf=4, t_grc=2, t_goc=2, t_mli=2, t_motor=2, th_pkj=1.0, weight_init='kaiming', simulation_duration_s=10.0, success_duration_s=3.0, num_steps=64, success_reward_per_sec=10000, penalize_failure_per_sec=10000, plate_size=0.3, ball_mass=None, ball_density=2000, n_motor=4, motor_mode='motor_neuron', motor_decay=8.0, motor_damping=5.0, motor_gain=1.0, motor_max_hinge_deg=10.0, motor_window_time=0.005, motor_window_len=5, use_ema=False, ema_alpha=0.5)
0,-96376.9949004626,SimulationConfig(dt=0.001, eta=0.001, seed=None, T=1, epsilon_start=0, epsilon_end=0.5, n_sensor_1d=10, n_mf=100, max_firing_rate=200, transmitt_speed=100, sigma=3, tau_pre_ms=5.0, tau_post_ms=5.0, tau_e_ms=50, tau=4.0, t_pkj=2.0, integral_decay=16.0, n_grc=8, n_goc=2, n_pkj=1, n_mli=2, n_cf=4, t_grc=2, t_goc=2, t_mli=2, t_motor=2, th_pkj=1.0, weight_init='kaiming', simulation_duration_s=10.0, success_duration_s=3.0, num_steps=64, success_reward_per_sec=10000, penalize_failure_per_sec=10000, plate_size=0.3, ball_mass=None, ball_density=2000, n_motor=4, motor_mode='motor_neuron', motor_decay=8.0, motor_damping=5.0, motor_gain=1.0, motor_max_hinge_deg=10.0, motor_window_time=0.005, motor_window_len=5, use_ema=False, ema_alpha=0.5)
0,-100876.15916580574,SimulationConfig(dt=0.001, eta=0.001, seed=None, T=1, epsilon_start=0, epsilon_end=0.5, n_sensor_1d=10, n_mf=100, max_firing_rate=200, transmitt_speed=100, sigma=3, tau_pre_ms=5.0, tau_post_ms=5.0, tau_e_ms=50, tau=4.0, t_pkj=2.0, integral_decay=16.0, n_grc=8, n_goc=2, n_pkj=1, n_mli=2, n_cf=4, t_grc=2, t_goc=2, t_mli=2, t_motor=2, th_pkj=1.0, weight_init='kaiming', simulation_duration_s=10.0, success_duration_s=3.0, num_steps=64, success_reward_per_sec=10000, penalize_failure_per_sec=10000, plate_size=0.3, ball_mass=None, ball_density=2000, n_motor=4, motor_mode='motor_neuron', motor_decay=8.0, motor_damping=5.0, motor_gain=1.0, motor_max_hinge_deg=10.0, motor_window_time=0.005, motor_window_len=5, use_ema=False, ema_alpha=0.5)
0,-104522.71953481954,SimulationConfig(dt=0.001, eta=0.001, seed=None, T=1, epsilon_start=0, epsilon_end=0.5, n_sensor_1d=10, n_mf=100, max_firing_rate=200, transmitt_speed=100, sigma=3, tau_pre_ms=5.0, tau_post_ms=5.0, tau_e_ms=50, tau=4.0, t_pkj=2.0, integral_decay=16.0, n_grc=8, n_goc=2, n_pkj=1, n_mli=2, n_cf=4, t_grc=2, t_goc=2, t_mli=2, t_motor=2, th_pkj=1.0, weight_init='kaiming', simulation_duration_s=10.0, success_duration_s=3.0, num_steps=64, success_reward_per_sec=10000, penalize_failure_per_sec=10000, plate_size=0.3, ball_mass=None, ball_density=2000, n_motor=4, motor_mode='motor_neuron', motor_decay=8.0, motor_damping=5.0, motor_gain=1.0, motor_max_hinge_deg=10.0, motor_window_time=0.005, motor_window_len=5, use_ema=False, ema_alpha=0.5)
0,-99208.79089522081,SimulationConfig(dt=0.001, eta=0.001, seed=None, T=1, epsilon_start=0, epsilon_end=0.5, n_sensor_1d=10, n_mf=100, max_firing_rate=200, transmitt_speed=100, sigma=3, tau_pre_ms=5.0, tau_post_ms=5.0, tau_e_ms=50, tau=4.0, t_pkj=2.0, integral_decay=16.0, n_grc=8, n_goc=2, n_pkj=1, n_mli=2, n_cf=4, t_grc=2, t_goc=2, t_mli=2, t_motor=2, th_pkj=1.0, weight_init='kaiming', simulation_duration_s=10.0, success_duration_s=3.0, num_steps=64, success_reward_per_sec=10000, penalize_failure_per_sec=10000, plate_size=0.3, ball_mass=None, ball_density=2000, n_motor=4, motor_mode='motor_neuron', motor_decay=8.0, motor_damping=5.0, motor_gain=1.0, motor_max_hinge_deg=10.0, motor_window_time=0.005, motor_window_len=5, use_ema=False, ema_alpha=0.5)
0,-75522.91072010164,SimulationConfig(dt=0.001, eta=0.001, seed=None, T=1, epsilon_start=0, epsilon_end=0.5, n_sensor_1d=10, n_mf=100, max_firing_rate=200, transmitt_speed=100, sigma=3, tau_pre_ms=5.0, tau_post_ms=5.0, tau_e_ms=50, tau=4.0, t_pkj=2.0, integral_decay=16.0, n_grc=8, n_goc=2, n_pkj=1, n_mli=2, n_cf=4, t_grc=2, t_goc=2, t_mli=2, t_motor=2, th_pkj=1.0, weight_init='kaiming', simulation_duration_s=10.0, success_duration_s=3.0, num_steps=64, success_reward_per_sec=10000, penalize_failure_per_sec=10000, plate_size=0.3, ball_mass=None, ball_density=2000, n_motor=4, motor_mode='motor_neuron', motor_decay=8.0, motor_damping=5.0, motor_gain=1.0, motor_max_hinge_deg=10.0, motor_window_time=0.005, motor_window_len=5, use_ema=False, ema_alpha=0.5)
0,-127244.64506189154,SimulationConfig(dt=0.001, eta=0.001, seed=None, T=1, epsilon_start=0, epsilon_end=0.5, n_sensor_1d=10, n_mf=100, max_firing_rate=200, transmitt_speed=100, sigma=3, tau_pre_ms=5.0, tau_post_ms=5.0, tau_e_ms=50, tau=4.0, t_pkj=2.0, integral_decay=16.0, n_grc=8, n_goc=2, n_pkj=1, n_mli=2, n_cf=4, t_grc=2, t_goc=2, t_mli=2, t_motor=2, th_pkj=1.0, weight_init='kaiming', simulation_duration_s=10.0, success_duration_s=3.0, num_steps=64, success_reward_per_sec=10000, penalize_failure_per_sec=10000, plate_size=0.3, ball_mass=None, ball_density=2000, n_motor=4, motor_mode='motor_neuron', motor_decay=8.0, motor_damping=5.0, motor_gain=1.0, motor_max_hinge_deg=10.0, motor_window_time=0.005, motor_window_len=5, use_ema=False, ema_alpha=0.5)
0,-111931.5599383149,SimulationConfig(dt=0.001, eta=0.001, seed=None, T=1, epsilon_start=0, epsilon_end=0.5, n_sensor_1d=10, n_mf=100, max_firing_rate=200, transmitt_speed=100, sigma=3, tau_pre_ms=5.0, tau_post_ms=5.0, tau_e_ms=50, tau=4.0, t_pkj=2.0, integral_decay=16.0, n_grc=8, n_goc=2, n_pkj=1, n_mli=2, n_cf=4, t_grc=2, t_goc=2, t_mli=2, t_motor=2, th_pkj=1.0, weight_init='kaiming', simulation_duration_s=10.0, success_duration_s=3.0, num_steps=64, success_reward_per_sec=10000, penalize_failure_per_sec=10000, plate_size=0.3, ball_mass=None, ball_density=2000, n_motor=4, motor_mode='motor_neuron', motor_decay=8.0, motor_damping=5.0, motor_gain=1.0, motor_max_hinge_deg=10.0, motor_window_time=0.005, motor_window_len=5, use_ema=False, ema_alpha=0.5)
0,-106562.84812689145,SimulationConfig(dt=0.001, eta=0.001, seed=None, T=1, epsilon_start=0, epsilon_end=0.5, n_sensor_1d=10, n_mf=100, max_firing_rate=200, transmitt_speed=100, sigma=3, tau_pre_ms=5.0, tau_post_ms=5.0, tau_e_ms=50, tau=4.0, t_pkj=2.0, integral_decay=16.0, n_grc=8, n_goc=2, n_pkj=1, n_mli=2, n_cf=4, t_grc=2, t_goc=2, t_mli=2, t_motor=2, th_pkj=1.0, weight_init='kaiming', simulation_duration_s=10.0, success_duration_s=3.0, num_steps=64, success_reward_per_sec=10000, penalize_failure_per_sec=10000, plate_size=0.3, ball_mass=None, ball_density=2000, n_motor=4, motor_mode='motor_neuron', motor_decay=8.0, motor_damping=5.0, motor_gain=1.0, motor_max_hinge_deg=10.0, motor_window_time=0.005, motor_window_len=5, use_ema=False, ema_alpha=0.5)
0,-121701.60507335918,SimulationConfig(dt=0.001, eta=0.001, seed=None, T=1, epsilon_start=0, epsilon_end=0.5, n_sensor_1d=10, n_mf=100, max_firing_rate=200, transmitt_speed=100, sigma=3, tau_pre_ms=5.0, tau_post_ms=5.0, tau_e_ms=50, tau=4.0, t_pkj=2.0, integral_decay=16.0, n_grc=8, n_goc=2, n_pkj=1, n_mli=2, n_cf=4, t_grc=2, t_goc=2, t_mli=2, t_motor=2, th_pkj=1.0, weight_init='kaiming', simulation_duration_s=10.0, success_duration_s=3.0, num_steps=64, success_reward_per_sec=10000, penalize_failure_per_sec=10000, plate_size=0.3, ball_mass=None, ball_density=2000, n_motor=4, motor_mode='motor_neuron', motor_decay=8.0, motor_damping=5.0, motor_gain=1.0, motor_max_hinge_deg=10.0, motor_window_time=0.005, motor_window_len=5, use_ema=False, ema_alpha=0.5)
0,-93669.43848801573,SimulationConfig(dt=0.001, eta=0.001, seed=None, T=1, epsilon_start=0, epsilon_end=0.5, n_sensor_1d=10, n_mf=100, max_firing_rate=200, transmitt_speed=100, sigma=3, tau_pre_ms=5.0, tau_post_ms=5.0, tau_e_ms=50, tau=4.0, t_pkj=2.0, integral_decay=16.0, n_grc=8, n_goc=2, n_pkj=1, n_mli=2, n_cf=4, t_grc=2, t_goc=2, t_mli=2, t_motor=2, th_pkj=1.0, weight_init='kaiming', simulation_duration_s=10.0, success_duration_s=3.0, num_steps=64, success_reward_per_sec=10000, penalize_failure_per_sec=10000, plate_size=0.3, ball_mass=None, ball_density=2000, n_motor=4, motor_mode='motor_neuron', motor_decay=8.0, motor_damping=5.0, motor_gain=1.0, motor_max_hinge_deg=10.0, motor_window_time=0.005, motor_window_len=5, use_ema=False, ema_alpha=0.5)
0,-103506.46409506715,SimulationConfig(dt=0.001, eta=0.001, seed=None, T=1, epsilon_start=0, epsilon_end=0.5, n_sensor_1d=10, n_mf=100, max_firing_rate=200, transmitt_speed=100, sigma=3, tau_pre_ms=5.0, tau_post_ms=5.0, tau_e_ms=50, tau=4.0, t_pkj=2.0, integral_decay=16.0, n_grc=8, n_goc=2, n_pkj=1, n_mli=2, n_cf=4, t_grc=2, t_goc=2, t_mli=2, t_motor=2, th_pkj=1.0, weight_init='kaiming', simulation_duration_s=10.0, success_duration_s=3.0, num_steps=64, success_reward_per_sec=10000, penalize_failure_per_sec=10000, plate_size=0.3, ball_mass=None, ball_density=2000, n_motor=4, motor_mode='motor_neuron', motor_decay=8.0, motor_damping=5.0, motor_gain=1.0, motor_max_hinge_deg=10.0, motor_window_time=0.005, motor_window_len=5, use_ema=False, ema_alpha=0.5)
0,-107163.86013047752,SimulationConfig(dt=0.001, eta=0.001, seed=None, T=1, epsilon_start=0, epsilon_end=0.5, n_sensor_1d=10, n_mf=100, max_firing_rate=200, transmitt_speed=100, sigma=3, tau_pre_ms=5.0, tau_post_ms=5.0, tau_e_ms=50, tau=4.0, t_pkj=2.0, integral_decay=16.0, n_grc=8, n_goc=2, n_pkj=1, n_mli=2, n_cf=4, t_grc=2, t_goc=2, t_mli=2, t_motor=2, th_pkj=1.0, weight_init='kaiming', simulation_duration_s=10.0, success_duration_s=3.0, num_steps=64, success_reward_per_sec=10000, penalize_failure_per_sec=10000, plate_size=0.3, ball_mass=None, ball_density=2000, n_motor=4, motor_mode='motor_neuron', motor_decay=8.0, motor_damping=5.0, motor_gain=1.0, motor_max_hinge_deg=10.0, motor_window_time=0.005, motor_window_len=5, use_ema=False, ema_alpha=0.5)
0,-104310.4768027152,SimulationConfig(dt=0.001, eta=0.001, seed=None, T=1, epsilon_start=0, epsilon_end=0.5, n_sensor_1d=10, n_mf=100, max_firing_rate=200, transmitt_speed=100, sigma=3, tau_pre_ms=5.0, tau_post_ms=5.0, tau_e_ms=50, tau=4.0, t_pkj=2.0, integral_decay=16.0, n_grc=8, n_goc=2, n_pkj=1, n_mli=2, n_cf=4, t_grc=2, t_goc=2, t_mli=2, t_motor=2, th_pkj=1.0, weight_init='kaiming', simulation_duration_s=10.0, success_duration_s=3.0, num_steps=64, success_reward_per_sec=10000, penalize_failure_per_sec=10000, plate_size=0.3, ball_mass=None, ball_density=2000, n_motor=4, motor_mode='motor_neuron', motor_decay=8.0, motor_damping=5.0, motor_gain=1.0, motor_max_hinge_deg=10.0, motor_window_time=0.005, motor_window_len=5, use_ema=False, ema_alpha=0.5)
0,-116603.27146533993,SimulationConfig(dt=0.001, eta=0.001, seed=None, T=1, epsilon_start=0, epsilon_end=0.5, n_sensor_1d=10, n_mf=100, max_firing_rate=200, transmitt_speed=100, sigma=3, tau_pre_ms=5.0, tau_post_ms=5.0, tau_e_ms=50, tau=4.0, t_pkj=2.0, integral_decay=16.0, n_grc=8, n_goc=2, n_pkj=1, n_mli=2, n_cf=4, t_grc=2, t_goc=2, t_mli=2, t_motor=2, th_pkj=1.0, weight_init='kaiming', simulation_duration_s=10.0, success_duration_s=3.0, num_steps=64, success_reward_per_sec=10000, penalize_failure_per_sec=10000, plate_size=0.3, ball_mass=None, ball_density=2000, n_motor=4, motor_mode='motor_neuron', motor_decay=8.0, motor_damping=5.0, motor_gain=1.0, motor_max_hinge_deg=10.0, motor_window_time=0.005, motor_window_len=5, use_ema=False, ema_alpha=0.5)
0,-113150.46908955995,SimulationConfig(dt=0.001, eta=0.001, seed=None, T=1, epsilon_start=0, epsilon_end=0.5, n_sensor_1d=10, n_mf=100, max_firing_rate=200, transmitt_speed=100, sigma=3, tau_pre_ms=5.0, tau_post_ms=5.0, tau_e_ms=50, tau=4.0, t_pkj=2.0, integral_decay=16.0, n_grc=8, n_goc=2, n_pkj=1, n_mli=2, n_cf=4, t_grc=2, t_goc=2, t_mli=2, t_motor=2, th_pkj=1.0, weight_init='kaiming', simulation_duration_s=10.0, success_duration_s=3.0, num_steps=64, success_reward_per_sec=10000, penalize_failure_per_sec=10000, plate_size=0.3, ball_mass=None, ball_density=2000, n_motor=4, motor_mode='motor_neuron', motor_decay=8.0, motor_damping=5.0, motor_gain=1.0, motor_max_hinge_deg=10.0, motor_window_time=0.005, motor_window_len=5, use_ema=False, ema_alpha=0.5)
0,-125230.80717096399,SimulationConfig(dt=0.001, eta=0.001, seed=None, T=1, epsilon_start=0, epsilon_end=0.5, n_sensor_1d=10, n_mf=100, max_firing_rate=200, transmitt_speed=100, sigma=3, tau_pre_ms=5.0, tau_post_ms=5.0, tau_e_ms=50, tau=4.0, t_pkj=2.0, integral_decay=16.0, n_grc=8, n_goc=2, n_pkj=1, n_mli=2, n_cf=4, t_grc=2, t_goc=2, t_mli=2, t_motor=2, th_pkj=1.0, weight_init='kaiming', simulation_duration_s=10.0, success_duration_s=3.0, num_steps=64, success_reward_per_sec=10000, penalize_failure_per_sec=10000, plate_size=0.3, ball_mass=None, ball_density=2000, n_motor=4, motor_mode='motor_neuron', motor_decay=8.0, motor_damping=5.0, motor_gain=1.0, motor_max_hinge_deg=10.0, motor_window_time=0.005, motor_window_len=5, use_ema=False, ema_alpha=0.5)
0,-125228.47323483309,SimulationConfig(dt=0.001, eta=0.001, seed=None, T=1, epsilon_start=0, epsilon_end=0.5, n_sensor_1d=10, n_mf=100, max_firing_rate=200, transmitt_speed=100, sigma=3, tau_pre_ms=5.0, tau_post_ms=5.0, tau_e_ms=50, tau=4.0, t_pkj=2.0, integral_decay=16.0, n_grc=8, n_goc=2, n_pkj=1, n_mli=2, n_cf=4, t_grc=2, t_goc=2, t_mli=2, t_motor=2, th_pkj=1.0, weight_init='kaiming', simulation_duration_s=10.0, success_duration_s=3.0, num_steps=64, success_reward_per_sec=10000, penalize_failure_per_sec=10000, plate_size=0.3, ball_mass=None, ball_density=2000, n_motor=4, motor_mode='motor_neuron', motor_decay=8.0, motor_damping=5.0, motor_gain=1.0, motor_max_hinge_deg=10.0, motor_window_time=0.005, motor_window_len=5, use_ema=False, ema_alpha=0.5)
0,-125530.5326036516,SimulationConfig(dt=0.001, eta=0.001, seed=None, T=1, epsilon_start=0, epsilon_end=0.5, n_sensor_1d=10, n_mf=100, max_firing_rate=200, transmitt_speed=100, sigma=3, tau_pre_ms=5.0, tau_post_ms=5.0, tau_e_ms=50, tau=4.0, t_pkj=2.0, integral_decay=16.0, n_grc=8, n_goc=2, n_pkj=1, n_mli=2, n_cf=4, t_grc=2, t_goc=2, t_mli=2, t_motor=2, th_pkj=1.0, weight_init='kaiming', simulation_duration_s=10.0, success_duration_s=3.0, num_steps=64, success_reward_per_sec=10000, penalize_failure_per_sec=10000, plate_size=0.3, ball_mass=None, ball_density=2000, n_motor=4, motor_mode='motor_neuron', motor_decay=8.0, motor_damping=5.0, motor_gain=1.0, motor_max_hinge_deg=10.0, motor_window_time=0.005, motor_window_len=5, use_ema=False, ema_alpha=0.5)
0,-118700.2901051325,SimulationConfig(dt=0.001, eta=0.001, seed=None, T=1, epsilon_start=0, epsilon_end=0.5, n_sensor_1d=10, n_mf=100, max_firing_rate=200, transmitt_speed=100, sigma=3, tau_pre_ms=5.0, tau_post_ms=5.0, tau_e_ms=50, tau=4.0, t_pkj=2.0, integral_decay=16.0, n_grc=8, n_goc=2, n_pkj=1, n_mli=2, n_cf=4, t_grc=2, t_goc=2, t_mli=2, t_motor=2, th_pkj=1.0, weight_init='kaiming', simulation_duration_s=10.0, success_duration_s=3.0, num_steps=64, success_reward_per_sec=10000, penalize_failure_per_sec=10000, plate_size=0.3, ball_mass=None, ball_density=2000, n_motor=4, motor_mode='motor_neuron', motor_decay=8.0, motor_damping=5.0, motor_gain=1.0, motor_max_hinge_deg=10.0, motor_window_time=0.005, motor_window_len=5, use_ema=False, ema_alpha=0.5)
0,-91708.19898345158,SimulationConfig(dt=0.001, eta=0.001, seed=None, T=1, epsilon_start=0, epsilon_end=0.5, n_sensor_1d=10, n_mf=100, max_firing_rate=200, transmitt_speed=100, sigma=3, tau_pre_ms=5.0, tau_post_ms=5.0, tau_e_ms=50, tau=4.0, t_pkj=2.0, integral_decay=16.0, n_grc=8, n_goc=2, n_pkj=1, n_mli=2, n_cf=4, t_grc=2, t_goc=2, t_mli=2, t_motor=2, th_pkj=1.0, weight_init='kaiming', simulation_duration_s=10.0, success_duration_s=3.0, num_steps=64, success_reward_per_sec=10000, penalize_failure_per_sec=10000, plate_size=0.3, ball_mass=None, ball_density=2000, n_motor=4, motor_mode='motor_neuron', motor_decay=8.0, motor_damping=5.0, motor_gain=1.0, motor_max_hinge_deg=10.0, motor_window_time=0.005, motor_window_len=5, use_ema=False, ema_alpha=0.5)
0,-98493.49291274078,SimulationConfig(dt=0.001, eta=0.001, seed=None, T=1, epsilon_start=0, epsilon_end=0.5, n_sensor_1d=10, n_mf=100, max_firing_rate=200, transmitt_speed=100, sigma=3, tau_pre_ms=5.0, tau_post_ms=5.0, tau_e_ms=50, tau=4.0, t_pkj=2.0, integral_decay=16.0, n_grc=8, n_goc=2, n_pkj=1, n_mli=2, n_cf=4, t_grc=2, t_goc=2, t_mli=2, t_motor=2, th_pkj=1.0, weight_init='kaiming', simulation_duration_s=10.0, success_duration_s=3.0, num_steps=64, success_reward_per_sec=10000, penalize_failure_per_sec=10000, plate_size=0.3, ball_mass=None, ball_density=2000, n_motor=4, motor_mode='motor_neuron', motor_decay=8.0, motor_damping=5.0, motor_gain=1.0, motor_max_hinge_deg=10.0, motor_window_time=0.005, motor_window_len=5, use_ema=False, ema_alpha=0.5)
0,-102912.37876300327,SimulationConfig(dt=0.001, eta=0.001, seed=None, T=1, epsilon_start=0, epsilon_end=0.5, n_sensor_1d=10, n_mf=100, max_firing_rate=200, transmitt_speed=100, sigma=3, tau_pre_ms=5.0, tau_post_ms=5.0, tau_e_ms=50, tau=4.0, t_pkj=2.0, integral_decay=16.0, n_grc=8, n_goc=2, n_pkj=1, n_mli=2, n_cf=4, t_grc=2, t_goc=2, t_mli=2, t_motor=2, th_pkj=1.0, weight_init='kaiming', simulation_duration_s=10.0, success_duration_s=3.0, num_steps=64, success_reward_per_sec=10000, penalize_failure_per_sec=10000, plate_size=0.3, ball_mass=None, ball_density=2000, n_motor=4, motor_mode='motor_neuron', motor_decay=8.0, motor_damping=5.0, motor_gain=1.0, motor_max_hinge_deg=10.0, motor_window_time=0.005, motor_window_len=5, use_ema=False, ema_alpha=0.5)
0,-118709.95159073998,SimulationConfig(dt=0.001, eta=0.001, seed=None, T=1, epsilon_start=0, epsilon_end=0.5, n_sensor_1d=10, n_mf=100, max_firing_rate=200, transmitt_speed=100, sigma=3, tau_pre_ms=5.0, tau_post_ms=5.0, tau_e_ms=50, tau=4.0, t_pkj=2.0, integral_decay=16.0, n_grc=8, n_goc=2, n_pkj=1, n_mli=2, n_cf=4, t_grc=2, t_goc=2, t_mli=2, t_motor=2, th_pkj=1.0, weight_init='kaiming', simulation_duration_s=10.0, success_duration_s=3.0, num_steps=64, success_reward_per_sec=10000, penalize_failure_per_sec=10000, plate_size=0.3, ball_mass=None, ball_density=2000, n_motor=4, motor_mode='motor_neuron', motor_decay=8.0, motor_damping=5.0, motor_gain=1.0, motor_max_hinge_deg=10.0, motor_window_time=0.005, motor_window_len=5, use_ema=False, ema_alpha=0.5)
0,-132969.23281528612,SimulationConfig(dt=0.001, eta=0.001, seed=None, T=1, epsilon_start=0, epsilon_end=0.5, n_sensor_1d=10, n_mf=100, max_firing_rate=200, transmitt_speed=100, sigma=3, tau_pre_ms=5.0, tau_post_ms=5.0, tau_e_ms=50, tau=4.0, t_pkj=2.0, integral_decay=16.0, n_grc=8, n_goc=2, n_pkj=1, n_mli=2, n_cf=4, t_grc=2, t_goc=2, t_mli=2, t_motor=2, th_pkj=1.0, weight_init='kaiming', simulation_duration_s=10.0, success_duration_s=3.0, num_steps=64, success_reward_per_sec=10000, penalize_failure_per_sec=10000, plate_size=0.3, ball_mass=None, ball_density=2000, n_motor=4, motor_mode='motor_neuron', motor_decay=8.0, motor_damping=5.0, motor_gain=1.0, motor_max_hinge_deg=10.0, motor_window_time=0.005, motor_window_len=5, use_ema=False, ema_alpha=0.5)
0,-151273.5141881648,SimulationConfig(dt=0.001, eta=0.001, seed=None, T=1, epsilon_start=0, epsilon_end=0.5, n_sensor_1d=10, n_mf=100, max_firing_rate=200, transmitt_speed=100, sigma=3, tau_pre_ms=5.0, tau_post_ms=5.0, tau_e_ms=50, tau=4.0, t_pkj=2.0, integral_decay=16.0, n_grc=8, n_goc=2, n_pkj=1, n_mli=2, n_cf=4, t_grc=2, t_goc=2, t_mli=2, t_motor=2, th_pkj=1.0, weight_init='kaiming', simulation_duration_s=10.0, success_duration_s=3.0, num_steps=64, success_reward_per_sec=10000, penalize_failure_per_sec=10000, plate_size=0.3, ball_mass=None, ball_density=2000, n_motor=4, motor_mode='motor_neuron', motor_decay=8.0, motor_damping=5.0, motor_gain=1.0, motor_max_hinge_deg=10.0, motor_window_time=0.005, motor_window_len=5, use_ema=False, ema_alpha=0.5)
0,-104256.19999138056,SimulationConfig(dt=0.001, eta=0.001, seed=None, T=1, epsilon_start=0, epsilon_end=0.5, n_sensor_1d=10, n_mf=100, max_firing_rate=200, transmitt_speed=100, sigma=3, tau_pre_ms=5.0, tau_post_ms=5.0, tau_e_ms=50, tau=4.0, t_pkj=2.0, integral_decay=16.0, n_grc=8, n_goc=2, n_pkj=1, n_mli=2, n_cf=4, t_grc=2, t_goc=2, t_mli=2, t_motor=2, th_pkj=1.0, weight_init='kaiming', simulation_duration_s=10.0, success_duration_s=3.0, num_steps=64, success_reward_per_sec=10000, penalize_failure_per_sec=10000, plate_size=0.3, ball_mass=None, ball_density=2000, n_motor=4, motor_mode='motor_neuron', motor_decay=8.0, motor_damping=5.0, motor_gain=1.0, motor_max_hinge_deg=10.0, motor_window_time=0.005, motor_window_len=5, use_ema=False, ema_alpha=0.5)
0,-104792.74615858225,SimulationConfig(dt=0.001, eta=0.001, seed=None, T=1, epsilon_start=0, epsilon_end=0.5, n_sensor_1d=10, n_mf=100, max_firing_rate=200, transmitt_speed=100, sigma=3, tau_pre_ms=5.0, tau_post_ms=5.0, tau_e_ms=50, tau=4.0, t_pkj=2.0, integral_decay=16.0, n_grc=8, n_goc=2, n_pkj=1, n_mli=2, n_cf=4, t_grc=2, t_goc=2, t_mli=2, t_motor=2, th_pkj=1.0, weight_init='kaiming', simulation_duration_s=10.0, success_duration_s=3.0, num_steps=64, success_reward_per_sec=10000, penalize_failure_per_sec=10000, plate_size=0.3, ball_mass=None, ball_density=2000, n_motor=4, motor_mode='motor_neuron', motor_decay=8.0, motor_damping=5.0, motor_gain=1.0, motor_max_hinge_deg=10.0, motor_window_time=0.005, motor_window_len=5, use_ema=False, ema_alpha=0.5)
0,-100883.6768446365,SimulationConfig(dt=0.001, eta=0.001, seed=None, T=1, epsilon_start=0, epsilon_end=0.5, n_sensor_1d=10, n_mf=100, max_firing_rate=200, transmitt_speed=100, sigma=3, tau_pre_ms=5.0, tau_post_ms=5.0, tau_e_ms=50, tau=4.0, t_pkj=2.0, integral_decay=16.0, n_grc=8, n_goc=2, n_pkj=1, n_mli=2, n_cf=4, t_grc=2, t_goc=2, t_mli=2, t_motor=2, th_pkj=1.0, weight_init='kaiming', simulation_duration_s=10.0, success_duration_s=3.0, num_steps=64, success_reward_per_sec=10000, penalize_failure_per_sec=10000, plate_size=0.3, ball_mass=None, ball_density=2000, n_motor=4, motor_mode='motor_neuron', motor_decay=8.0, motor_damping=5.0, motor_gain=1.0, motor_max_hinge_deg=10.0, motor_window_time=0.005, motor_window_len=5, use_ema=False, ema_alpha=0.5)
0,-105943.59508962728,SimulationConfig(dt=0.001, eta=0.001, seed=None, T=1, epsilon_start=0, epsilon_end=0.5, n_sensor_1d=10, n_mf=100, max_firing_rate=200, transmitt_speed=100, sigma=3, tau_pre_ms=5.0, tau_post_ms=5.0, tau_e_ms=50, tau=4.0, t_pkj=2.0, integral_decay=16.0, n_grc=8, n_goc=2, n_pkj=1, n_mli=2, n_cf=4, t_grc=2, t_goc=2, t_mli=2, t_motor=2, th_pkj=1.0, weight_init='kaiming', simulation_duration_s=10.0, success_duration_s=3.0, num_steps=64, success_reward_per_sec=10000, penalize_failure_per_sec=10000, plate_size=0.3, ball_mass=None, ball_density=2000, n_motor=4, motor_mode='motor_neuron', motor_decay=8.0, motor_damping=5.0, motor_gain=1.0, motor_max_hinge_deg=10.0, motor_window_time=0.005, motor_window_len=5, use_ema=False, ema_alpha=0.5)
0,-99490.61803356907,SimulationConfig(dt=0.001, eta=0.001, seed=None, T=1, epsilon_start=0, epsilon_end=0.5, n_sensor_1d=10, n_mf=100, max_firing_rate=200, transmitt_speed=100, sigma=3, tau_pre_ms=5.0, tau_post_ms=5.0, tau_e_ms=50, tau=4.0, t_pkj=2.0, integral_decay=16.0, n_grc=8, n_goc=2, n_pkj=1, n_mli=2, n_cf=4, t_grc=2, t_goc=2, t_mli=2, t_motor=2, th_pkj=1.0, weight_init='kaiming', simulation_duration_s=10.0, success_duration_s=3.0, num_steps=64, success_reward_per_sec=10000, penalize_failure_per_sec=10000, plate_size=0.3, ball_mass=None, ball_density=2000, n_motor=4, motor_mode='motor_neuron', motor_decay=8.0, motor_damping=5.0, motor_gain=1.0, motor_max_hinge_deg=10.0, motor_window_time=0.005, motor_window_len=5, use_ema=False, ema_alpha=0.5)
0,-102246.6614292148,SimulationConfig(dt=0.001, eta=0.001, seed=None, T=1, epsilon_start=0, epsilon_end=0.5, n_sensor_1d=10, n_mf=100, max_firing_rate=200, transmitt_speed=100, sigma=3, tau_pre_ms=5.0, tau_post_ms=5.0, tau_e_ms=50, tau=4.0, t_pkj=2.0, integral_decay=16.0, n_grc=8, n_goc=2, n_pkj=1, n_mli=2, n_cf=4, t_grc=2, t_goc=2, t_mli=2, t_motor=2, th_pkj=1.0, weight_init='kaiming', simulation_duration_s=10.0, success_duration_s=3.0, num_steps=64, success_reward_per_sec=10000, penalize_failure_per_sec=10000, plate_size=0.3, ball_mass=None, ball_density=2000, n_motor=4, motor_mode='motor_neuron', motor_decay=8.0, motor_damping=5.0, motor_gain=1.0, motor_max_hinge_deg=10.0, motor_window_time=0.005, motor_window_len=5, use_ema=False, ema_alpha=0.5)
0,-114990.33848173413,SimulationConfig(dt=0.001, eta=0.001, seed=None, T=1, epsilon_start=0, epsilon_end=0.5, n_sensor_1d=10, n_mf=100, max_firing_rate=200, transmitt_speed=100, sigma=3, tau_pre_ms=5.0, tau_post_ms=5.0, tau_e_ms=50, tau=4.0, t_pkj=2.0, integral_decay=16.0, n_grc=8, n_goc=2, n_pkj=1, n_mli=2, n_cf=4, t_grc=2, t_goc=2, t_mli=2, t_motor=2, th_pkj=1.0, weight_init='kaiming', simulation_duration_s=10.0, success_duration_s=3.0, num_steps=64, success_reward_per_sec=10000, penalize_failure_per_sec=10000, plate_size=0.3, ball_mass=None, ball_density=2000, n_motor=4, motor_mode='motor_neuron', motor_decay=8.0, motor_damping=5.0, motor_gain=1.0, motor_max_hinge_deg=10.0, motor_window_time=0.005, motor_window_len=5, use_ema=False, ema_alpha=0.5)
0,-111021.73812707873,SimulationConfig(dt=0.001, eta=0.001, seed=None, T=1, epsilon_start=0, epsilon_end=0.5, n_sensor_1d=10, n_mf=100, max_firing_rate=200, transmitt_speed=100, sigma=3, tau_pre_ms=5.0, tau_post_ms=5.0, tau_e_ms=50, tau=4.0, t_pkj=2.0, integral_decay=16.0, n_grc=8, n_goc=2, n_pkj=1, n_mli=2, n_cf=4, t_grc=2, t_goc=2, t_mli=2, t_motor=2, th_pkj=1.0, weight_init='kaiming', simulation_duration_s=10.0, success_duration_s=3.0, num_steps=64, success_reward_per_sec=10000, penalize_failure_per_sec=10000, plate_size=0.3, ball_mass=None, ball_density=2000, n_motor=4, motor_mode='motor_neuron', motor_decay=8.0, motor_damping=5.0, motor_gain=1.0, motor_max_hinge_deg=10.0, motor_window_time=0.005, motor_window_len=5, use_ema=False, ema_alpha=0.5)
0,-112770.73974549363,SimulationConfig(dt=0.001, eta=0.001, seed=None, T=1, epsilon_start=0, epsilon_end=0.5, n_sensor_1d=10, n_mf=100, max_firing_rate=200, transmitt_speed=100, sigma=3, tau_pre_ms=5.0, tau_post_ms=5.0, tau_e_ms=50, tau=4.0, t_pkj=2.0, integral_decay=16.0, n_grc=8, n_goc=2, n_pkj=1, n_mli=2, n_cf=4, t_grc=2, t_goc=2, t_mli=2, t_motor=2, th_pkj=1.0, weight_init='kaiming', simulation_duration_s=10.0, success_duration_s=3.0, num_steps=64, success_reward_per_sec=10000, penalize_failure_per_sec=10000, plate_size=0.3, ball_mass=None, ball_density=2000, n_motor=4, motor_mode='motor_neuron', motor_decay=8.0, motor_damping=5.0, motor_gain=1.0, motor_max_hinge_deg=10.0, motor_window_time=0.005, motor_window_len=5, use_ema=False, ema_alpha=0.5)
0,-113714.85613219439,SimulationConfig(dt=0.001, eta=0.001, seed=None, T=1, epsilon_start=0, epsilon_end=0.5, n_sensor_1d=10, n_mf=100, max_firing_rate=200, transmitt_speed=100, sigma=3, tau_pre_ms=5.0, tau_post_ms=5.0, tau_e_ms=50, tau=4.0, t_pkj=2.0, integral_decay=16.0, n_grc=8, n_goc=2, n_pkj=1, n_mli=2, n_cf=4, t_grc=2, t_goc=2, t_mli=2, t_motor=2, th_pkj=1.0, weight_init='kaiming', simulation_duration_s=10.0, success_duration_s=3.0, num_steps=64, success_reward_per_sec=10000, penalize_failure_per_sec=10000, plate_size=0.3, ball_mass=None, ball_density=2000, n_motor=4, motor_mode='motor_neuron', motor_decay=8.0, motor_damping=5.0, motor_gain=1.0, motor_max_hinge_deg=10.0, motor_window_time=0.005, motor_window_len=5, use_ema=False, ema_alpha=0.5)
0,-116176.0750132851,SimulationConfig(dt=0.001, eta=0.001, seed=None, T=1, epsilon_start=0, epsilon_end=0.5, n_sensor_1d=10, n_mf=100, max_firing_rate=200, transmitt_speed=100, sigma=3, tau_pre_ms=5.0, tau_post_ms=5.0, tau_e_ms=50, tau=4.0, t_pkj=2.0, integral_decay=16.0, n_grc=8, n_goc=2, n_pkj=1, n_mli=2, n_cf=4, t_grc=2, t_goc=2, t_mli=2, t_motor=2, th_pkj=1.0, weight_init='kaiming', simulation_duration_s=10.0, success_duration_s=3.0, num_steps=64, success_reward_per_sec=10000, penalize_failure_per_sec=10000, plate_size=0.3, ball_mass=None, ball_density=2000, n_motor=4, motor_mode='motor_neuron', motor_decay=8.0, motor_damping=5.0, motor_gain=1.0, motor_max_hinge_deg=10.0, motor_window_time=0.005, motor_window_len=5, use_ema=False, ema_alpha=0.5)
0,-113314.21530801736,SimulationConfig(dt=0.001, eta=0.001, seed=None, T=1, epsilon_start=0, epsilon_end=0.5, n_sensor_1d=10, n_mf=100, max_firing_rate=200, transmitt_speed=100, sigma=3, tau_pre_ms=5.0, tau_post_ms=5.0, tau_e_ms=50, tau=4.0, t_pkj=2.0, integral_decay=16.0, n_grc=8, n_goc=2, n_pkj=1, n_mli=2, n_cf=4, t_grc=2, t_goc=2, t_mli=2, t_motor=2, th_pkj=1.0, weight_init='kaiming', simulation_duration_s=10.0, success_duration_s=3.0, num_steps=64, success_reward_per_sec=10000, penalize_failure_per_sec=10000, plate_size=0.3, ball_mass=None, ball_density=2000, n_motor=4, motor_mode='motor_neuron', motor_decay=8.0, motor_damping=5.0, motor_gain=1.0, motor_max_hinge_deg=10.0, motor_window_time=0.005, motor_window_len=5, use_ema=False, ema_alpha=0.5)
0,-104781.24478165641,SimulationConfig(dt=0.001, eta=0.001, seed=None, T=1, epsilon_start=0, epsilon_end=0.5, n_sensor_1d=10, n_mf=100, max_firing_rate=200, transmitt_speed=100, sigma=3, tau_pre_ms=5.0, tau_post_ms=5.0, tau_e_ms=50, tau=4.0, t_pkj=2.0, integral_decay=16.0, n_grc=8, n_goc=2, n_pkj=1, n_mli=2, n_cf=4, t_grc=2, t_goc=2, t_mli=2, t_motor=2, th_pkj=1.0, weight_init='kaiming', simulation_duration_s=10.0, success_duration_s=3.0, num_steps=64, success_reward_per_sec=10000, penalize_failure_per_sec=10000, plate_size=0.3, ball_mass=None, ball_density=2000, n_motor=4, motor_mode='motor_neuron', motor_decay=8.0, motor_damping=5.0, motor_gain=1.0, motor_max_hinge_deg=10.0, motor_window_time=0.005, motor_window_len=5, use_ema=False, ema_alpha=0.5)
